"Study.ID"	"Sample.ID"	"Patient.ID"	"KRAS"	"HRAS"	"BRAF"	"RAF1"	"MAP3K1"	"MAP3K2"	"MAP3K3"	"MAP3K4"	"MAP3K5"	"MAP2K1"	"MAP2K2"	"MAP2K3"	"MAP2K4"	"MAP2K5"	"MAPK1"	"MAPK3"	"MAPK4"	"MAPK6"	"MAPK7"	"MAPK8"	"MAPK9"	"MAPK12"	"MAPK14"	"DAB2"	"RASSF1"	"RAB25"
"luad_tcga"	"TCGA-05-4390-01"	"TCGA-05-4390"	"MUT: G12V;"	""	""	""	""	""	""	""	""	""	""	""	""	""	""	""	"MUT: D563H;"	""	""	""	""	""	""	""	NA	""
"luad_tcga"	"TCGA-38-4631-01"	"TCGA-38-4631"	""	""	""	""	""	"MUT: G368R;"	""	""	""	""	""	""	""	""	""	""	""	""	""	""	""	""	""	""	NA	""
"luad_tcga"	"TCGA-44-6145-01"	"TCGA-44-6145"	"MUT: G12V;"	""	"CNA: AMP;"	""	""	""	""	""	""	""	""	""	""	""	""	""	""	""	""	""	""	""	""	""	NA	""
"luad_tcga"	"TCGA-44-6146-01"	"TCGA-44-6146"	"MUT: G12V;"	""	""	""	""	""	""	""	""	""	""	""	""	""	""	""	""	""	""	""	""	""	""	""	NA	""
"luad_tcga"	"TCGA-49-4488-01"	"TCGA-49-4488"	""	""	""	""	""	""	""	""	"CNA: HOMDEL;"	""	""	""	""	""	""	""	""	""	""	""	""	"CNA: HOMDEL;"	""	""	NA	""
"luad_tcga"	"TCGA-50-5931-01"	"TCGA-50-5931"	""	""	""	""	""	""	""	""	""	""	""	""	""	""	""	""	""	""	""	""	""	""	""	"CNA: AMP;"	NA	""
"luad_tcga"	"TCGA-50-5932-01"	"TCGA-50-5932"	"MUT: G12C;"	""	""	""	""	""	""	""	""	""	""	""	""	""	""	""	""	""	""	""	""	""	"CNA: AMP;"	""	NA	"CNA: AMP;"
"luad_tcga"	"TCGA-50-5933-01"	"TCGA-50-5933"	"MUT: G12C;"	""	""	""	""	""	""	""	""	""	""	""	""	""	""	""	""	""	""	""	""	""	""	""	NA	""
"luad_tcga"	"TCGA-50-5941-01"	"TCGA-50-5941"	"MUT: G12A; CNA: AMP;"	""	"MUT: X327_splice;"	""	""	""	""	""	""	""	""	""	""	""	""	""	""	""	""	""	""	""	""	""	NA	""
"luad_tcga"	"TCGA-50-5942-01"	"TCGA-50-5942"	""	""	"MUT: V600E;"	""	""	""	""	""	""	""	""	""	""	""	""	""	""	""	""	""	""	""	""	""	NA	""
"luad_tcga"	"TCGA-50-5944-01"	"TCGA-50-5944"	""	""	""	""	"CNA: HOMDEL;"	""	"CNA: AMP;"	""	""	""	""	""	""	""	""	""	""	""	""	""	"CNA: AMP;"	""	""	""	NA	""
"luad_tcga"	"TCGA-67-6215-01"	"TCGA-67-6215"	""	""	""	""	""	""	""	""	""	""	""	"CNA: HOMDEL;"	"CNA: HOMDEL;"	""	""	""	""	""	"CNA: HOMDEL;"	""	""	""	""	""	NA	"CNA: AMP;"
"luad_tcga"	"TCGA-73-4658-01"	"TCGA-73-4658"	""	""	""	""	"MUT: A1470S;"	""	""	""	""	""	""	""	""	""	""	""	""	""	""	""	""	""	""	""	NA	""
"luad_tcga"	"TCGA-73-4676-01"	"TCGA-73-4676"	""	""	""	""	""	""	""	""	""	""	""	""	""	""	""	""	""	""	""	""	""	""	""	""	NA	"CNA: AMP;"
"luad_tcga"	"TCGA-75-5122-01"	"TCGA-75-5122"	"CNA: AMP;"	""	""	""	""	""	""	""	""	""	""	""	""	""	""	""	""	""	""	""	""	""	""	""	NA	""
"luad_tcga"	"TCGA-75-5126-01"	"TCGA-75-5126"	"MUT: G12C;"	""	""	""	""	""	""	""	""	""	""	""	""	""	""	""	""	""	""	""	""	""	""	""	NA	""
"luad_tcga"	"TCGA-75-6211-01"	"TCGA-75-6211"	"CNA: HOMDEL;"	""	""	""	""	""	""	""	""	"MUT: F53L;"	""	""	""	""	""	""	""	""	""	""	"CNA: HOMDEL;"	""	""	""	NA	""
"luad_tcga"	"TCGA-86-6562-01"	"TCGA-86-6562"	""	""	""	""	""	""	""	""	""	""	""	""	""	""	""	""	""	""	""	""	""	""	""	""	NA	"CNA: AMP;"
"luad_tcga"	"TCGA-05-4396-01"	"TCGA-05-4396"	""	""	""	""	""	""	""	""	""	""	""	""	""	""	""	"CNA: AMP;"	""	""	""	""	""	""	""	"CNA: AMP;"	NA	"CNA: AMP;"
"luad_tcga"	"TCGA-05-4405-01"	"TCGA-05-4405"	"MUT: G12C;"	""	""	""	""	""	""	""	""	""	""	""	""	""	""	""	""	""	"MUT: R98Q;"	""	""	""	""	""	NA	""
"luad_tcga"	"TCGA-05-4410-01"	"TCGA-05-4410"	""	""	"MUT: G466V;"	""	""	""	""	""	""	""	""	""	""	""	""	""	""	""	""	""	""	""	""	""	NA	""
"luad_tcga"	"TCGA-05-4415-01"	"TCGA-05-4415"	"MUT: G12C;"	""	""	""	""	""	"MUT: R363L;"	""	""	""	""	""	""	""	""	""	""	""	""	""	""	"CNA: HOMDEL;"	""	""	NA	""
"luad_tcga"	"TCGA-05-4417-01"	"TCGA-05-4417"	"MUT: G12C;"	""	""	""	"CNA: HOMDEL;"	""	""	""	""	""	""	""	""	""	""	""	""	""	""	""	""	""	""	""	NA	""
"luad_tcga"	"TCGA-05-4424-01"	"TCGA-05-4424"	""	""	""	""	""	""	""	""	""	""	""	""	""	""	""	""	""	""	""	""	""	""	""	"CNA: AMP;"	NA	""
"luad_tcga"	"TCGA-05-4433-01"	"TCGA-05-4433"	"MUT: G12V; CNA: AMP;"	""	""	""	""	""	""	""	""	""	""	""	""	""	""	""	""	""	""	""	""	""	""	""	NA	""
"luad_tcga"	"TCGA-44-6774-01"	"TCGA-44-6774"	""	""	"MUT: N581S;"	""	""	""	""	""	""	""	""	""	""	""	""	""	""	""	""	""	""	""	""	"CNA: AMP;"	NA	""
"luad_tcga"	"TCGA-44-6776-01"	"TCGA-44-6776"	"MUT: G12D;"	""	""	""	""	""	""	"MUT: H628Y;"	""	""	""	""	""	""	""	""	""	""	""	""	""	""	""	""	NA	""
"luad_tcga"	"TCGA-44-6777-01"	"TCGA-44-6777"	"MUT: G12C;"	""	""	""	"MUT: Q345*;"	""	""	""	""	""	""	""	""	""	""	""	""	""	""	""	""	""	"MUT: S293*;"	""	NA	""
"luad_tcga"	"TCGA-49-4487-01"	"TCGA-49-4487"	""	""	""	""	""	""	""	""	""	""	""	""	""	""	""	""	""	""	""	""	""	""	""	""	NA	"CNA: AMP;"
"luad_tcga"	"TCGA-49-4490-01"	"TCGA-49-4490"	""	""	""	""	""	""	""	""	""	""	""	""	""	""	""	""	"CNA: HOMDEL;"	""	""	""	""	""	""	""	NA	""
"luad_tcga"	"TCGA-49-6744-01"	"TCGA-49-6744"	"MUT: G12C;"	""	""	""	""	""	""	""	"MUT: Q325L;"	""	""	"MUT: L264M;"	""	""	""	""	""	""	""	""	""	""	""	""	NA	""
"luad_tcga"	"TCGA-49-6745-01"	"TCGA-49-6745"	"CNA: AMP;"	""	""	""	""	""	""	""	""	""	""	""	""	""	""	""	""	""	""	""	""	""	""	""	NA	""
"luad_tcga"	"TCGA-49-6767-01"	"TCGA-49-6767"	""	""	""	""	""	""	""	""	""	""	""	""	""	""	""	""	"CNA: HOMDEL;"	""	""	""	""	""	""	""	NA	""
"luad_tcga"	"TCGA-50-5044-01"	"TCGA-50-5044"	""	""	"MUT: D594H;"	""	""	""	""	""	""	""	""	""	""	""	""	""	""	""	""	""	""	"MUT: D46Tfs*41;"	""	""	NA	""
"luad_tcga"	"TCGA-50-5051-01"	"TCGA-50-5051"	"MUT: G12C;"	""	""	""	""	""	""	""	""	""	""	""	""	""	""	""	""	""	""	""	""	""	""	""	NA	""
"luad_tcga"	"TCGA-50-5072-01"	"TCGA-50-5072"	""	""	""	""	""	""	""	""	""	""	""	""	""	""	""	""	""	""	"MUT: L806R;"	""	""	""	""	""	NA	""
"luad_tcga"	"TCGA-55-6642-01"	"TCGA-55-6642"	"MUT: G12V;"	""	""	""	""	""	""	""	""	""	""	""	""	""	""	""	""	""	""	""	""	""	""	""	NA	""
"luad_tcga"	"TCGA-55-6712-01"	"TCGA-55-6712"	""	""	""	""	""	""	""	""	""	""	""	""	""	""	""	""	""	""	""	""	""	"CNA: HOMDEL;"	""	""	NA	""
"luad_tcga"	"TCGA-71-6725-01"	"TCGA-71-6725"	""	""	""	""	""	""	""	"CNA: HOMDEL;"	""	""	""	""	""	""	""	""	""	""	""	""	""	"CNA: HOMDEL;"	""	""	NA	""
"luad_tcga"	"TCGA-91-6828-01"	"TCGA-91-6828"	"MUT: G12V;"	""	""	""	""	""	""	""	""	""	""	""	""	""	""	""	""	""	""	""	""	""	""	"MUT: T289S;"	NA	""
"luad_tcga"	"TCGA-91-6829-01"	"TCGA-91-6829"	""	""	""	""	""	""	""	""	""	""	""	""	""	""	""	""	"MUT: E331*,D332Y;"	""	""	""	""	""	""	"CNA: AMP;"	NA	"CNA: AMP;"
"luad_tcga"	"TCGA-91-6835-01"	"TCGA-91-6835"	"CNA: AMP;"	""	""	""	""	""	""	""	""	""	""	""	""	""	""	""	""	""	""	""	""	""	""	""	NA	"CNA: AMP;"
"luad_tcga"	"TCGA-49-6761-01"	"TCGA-49-6761"	"MUT: G12D;"	""	""	""	""	""	""	""	""	""	""	"MUT: L180V;"	""	""	""	""	""	""	""	""	""	""	""	""	NA	""
"luad_tcga"	"TCGA-50-6673-01"	"TCGA-50-6673"	""	""	""	""	""	""	""	""	""	""	""	""	""	""	""	""	""	""	"CNA: HOMDEL;"	""	""	""	""	""	NA	""
"luad_tcga"	"TCGA-55-6970-01"	"TCGA-55-6970"	"MUT: G12V;"	""	""	""	""	""	""	""	""	""	""	""	""	""	""	""	""	""	""	""	""	""	""	""	NA	""
"luad_tcga"	"TCGA-55-6971-01"	"TCGA-55-6971"	""	""	""	""	""	""	""	""	""	""	""	""	""	""	""	""	""	""	""	"CNA: HOMDEL;"	""	""	""	""	NA	""
"luad_tcga"	"TCGA-55-6972-01"	"TCGA-55-6972"	""	""	""	""	""	""	""	""	""	""	""	""	""	""	""	""	""	"CNA: HOMDEL;"	""	""	""	""	""	"CNA: AMP;"	NA	"CNA: AMP;"
"luad_tcga"	"TCGA-55-6979-01"	"TCGA-55-6979"	""	""	"MUT: P367R;"	""	""	""	""	""	""	""	""	""	""	""	""	""	""	"CNA: HOMDEL;"	""	""	""	""	""	""	NA	""
"luad_tcga"	"TCGA-55-6981-01"	"TCGA-55-6981"	""	""	"CNA: AMP;"	""	""	""	""	""	""	""	""	""	""	""	""	""	""	""	""	""	""	""	""	""	NA	""
"luad_tcga"	"TCGA-55-6983-01"	"TCGA-55-6983"	"MUT: G12C;"	""	""	""	""	""	""	"CNA: HOMDEL;"	"CNA: HOMDEL;"	""	""	""	""	""	""	""	""	""	""	""	""	""	""	""	NA	""
"luad_tcga"	"TCGA-55-6985-01"	"TCGA-55-6985"	""	""	""	""	""	""	""	""	""	""	""	""	""	"MUT: A126S;"	""	""	""	""	""	""	""	""	""	"CNA: AMP;"	NA	""
"luad_tcga"	"TCGA-55-6986-01"	"TCGA-55-6986"	""	""	""	""	""	""	""	""	"CNA: HOMDEL;"	""	""	""	""	""	""	""	""	""	""	""	""	""	""	""	NA	""
"luad_tcga"	"TCGA-75-7027-01"	"TCGA-75-7027"	"MUT: G12V;"	""	""	""	""	""	""	""	""	""	""	""	""	""	""	""	""	""	""	""	""	""	""	""	NA	""
"luad_tcga"	"TCGA-75-7030-01"	"TCGA-75-7030"	"MUT: G12D;"	""	""	""	""	""	""	""	""	""	""	""	""	""	""	""	""	""	""	""	""	""	""	""	NA	""
"luad_tcga"	"TCGA-75-7031-01"	"TCGA-75-7031"	""	""	""	""	""	""	""	""	""	""	""	"CNA: HOMDEL;"	""	""	""	""	""	""	"CNA: HOMDEL;"	""	""	"CNA: HOMDEL;"	""	""	NA	""
"luad_tcga"	"TCGA-80-5607-01"	"TCGA-80-5607"	""	""	"MUT: V600E;"	""	""	""	""	""	""	""	""	""	""	""	""	""	""	""	""	""	""	""	""	""	NA	""
"luad_tcga"	"TCGA-80-5608-01"	"TCGA-80-5608"	"MUT: G12A;"	""	""	""	""	""	""	""	""	""	""	""	""	""	""	""	""	""	""	""	""	""	""	""	NA	""
"luad_tcga"	"TCGA-86-6851-01"	"TCGA-86-6851"	""	""	""	""	""	""	""	""	""	""	""	""	""	""	""	""	""	""	""	""	""	""	""	"CNA: AMP;"	NA	""
"luad_tcga"	"TCGA-91-6840-01"	"TCGA-91-6840"	""	"CNA: HOMDEL;"	""	""	""	""	""	""	""	""	""	""	""	""	""	""	"CNA: HOMDEL;"	""	""	""	""	""	""	""	NA	""
"luad_tcga"	"TCGA-91-6847-01"	"TCGA-91-6847"	""	""	""	""	""	""	""	""	""	""	""	""	""	""	"CNA: AMP;"	""	""	""	"CNA: AMP;"	""	""	""	""	""	NA	""
"luad_tcga"	"TCGA-91-6849-01"	"TCGA-91-6849"	"MUT: G12C;"	""	""	""	""	""	""	"MUT: V895L;"	""	""	""	""	""	""	""	""	""	""	""	""	""	""	""	""	NA	""
"luad_tcga"	"TCGA-95-7039-01"	"TCGA-95-7039"	"MUT: D33E;"	""	"MUT: X565_splice;"	""	""	""	""	"MUT: Q280H;"	""	""	""	""	""	""	""	""	""	"CNA: HOMDEL;"	""	""	""	""	""	"MUT: M654I;"	NA	""
"luad_tcga"	"TCGA-95-7043-01"	"TCGA-95-7043"	""	""	""	""	""	""	"CNA: AMP;"	""	""	""	""	""	""	""	"MUT: D235V;"	""	""	""	""	""	""	""	""	""	NA	""
"luad_tcga"	"TCGA-50-7109-01"	"TCGA-50-7109"	"MUT: G12C;"	""	""	""	""	""	""	""	""	""	""	""	""	""	""	""	""	""	""	""	""	""	""	""	NA	""
"luad_tcga"	"TCGA-55-7281-01"	"TCGA-55-7281"	"MUT: G12C;"	""	""	""	""	""	""	""	""	""	""	""	""	""	""	""	""	""	""	""	""	""	"MUT: M288I;"	""	NA	""
"luad_tcga"	"TCGA-55-7283-01"	"TCGA-55-7283"	"MUT: G12S; CNA: AMP;"	""	""	""	""	""	""	""	""	""	""	""	""	""	""	""	""	""	""	""	""	""	""	""	NA	"CNA: AMP;"
"luad_tcga"	"TCGA-55-7573-01"	"TCGA-55-7573"	""	""	""	""	""	""	""	""	""	""	""	""	""	""	""	""	""	""	"CNA: AMP;"	""	""	""	""	""	NA	""
"luad_tcga"	"TCGA-78-7145-01"	"TCGA-78-7145"	"MUT: G12Y;"	""	""	""	""	""	""	""	""	""	""	""	""	""	""	""	""	""	""	""	""	""	""	""	NA	""
"luad_tcga"	"TCGA-78-7148-01"	"TCGA-78-7148"	"MUT: G12C;"	""	""	""	""	""	""	""	""	""	""	""	""	""	""	""	""	""	""	""	""	""	""	""	NA	""
"luad_tcga"	"TCGA-78-7149-01"	"TCGA-78-7149"	""	""	""	""	""	""	""	""	""	""	""	""	""	""	""	"CNA: AMP;"	""	""	""	""	""	""	"CNA: AMP;"	"CNA: AMP;"	NA	"CNA: AMP;"
"luad_tcga"	"TCGA-78-7153-01"	"TCGA-78-7153"	""	""	"MUT: G466A;"	""	""	""	""	""	""	""	""	""	""	""	""	""	""	""	""	""	""	""	""	""	NA	""
"luad_tcga"	"TCGA-78-7154-01"	"TCGA-78-7154"	""	""	"CNA: AMP;"	""	""	""	""	""	""	""	""	""	""	""	""	""	""	""	""	""	""	""	""	"MUT: E6*;"	NA	""
"luad_tcga"	"TCGA-78-7155-01"	"TCGA-78-7155"	""	""	""	""	""	""	""	""	""	""	""	""	""	""	"CNA: AMP;"	"MUT: R359L;"	""	""	""	""	""	""	"CNA: AMP;"	"CNA: AMP;"	NA	""
"luad_tcga"	"TCGA-78-7160-01"	"TCGA-78-7160"	"MUT: G12D;"	""	""	""	""	""	""	""	""	""	""	""	""	""	""	""	""	""	""	""	""	""	""	""	NA	"CNA: AMP;"
"luad_tcga"	"TCGA-78-7161-01"	"TCGA-78-7161"	"MUT: G12V;"	""	""	""	""	""	""	""	""	""	""	""	""	""	""	""	""	""	""	""	""	""	""	""	NA	"CNA: AMP;"
"luad_tcga"	"TCGA-97-7546-01"	"TCGA-97-7546"	""	""	""	"MUT: S257L;"	""	""	""	""	""	""	""	""	""	""	""	""	""	""	""	""	""	""	""	""	NA	""
"luad_tcga"	"TCGA-97-7554-01"	"TCGA-97-7554"	"MUT: G12V; CNA: AMP;"	""	""	""	""	""	""	""	""	""	""	""	""	""	""	""	""	""	""	""	""	""	"CNA: AMP;"	""	NA	""
"luad_tcga"	"TCGA-99-7458-01"	"TCGA-99-7458"	"MUT: G12R;"	""	""	""	""	""	""	""	""	""	""	""	""	""	""	""	""	""	""	""	""	""	""	""	NA	""
"luad_tcga"	"TCGA-44-7659-01"	"TCGA-44-7659"	"MUT: G12C;"	""	""	""	""	""	""	""	""	""	""	""	""	""	""	""	""	""	""	""	""	""	""	""	NA	""
"luad_tcga"	"TCGA-44-7662-01"	"TCGA-44-7662"	""	""	""	""	""	""	""	""	""	""	""	""	""	""	""	""	""	""	""	""	""	"CNA: HOMDEL;"	""	"CNA: AMP;"	NA	""
"luad_tcga"	"TCGA-44-7670-01"	"TCGA-44-7670"	""	""	""	""	""	""	""	""	""	""	""	""	""	""	""	""	""	""	""	""	""	""	"CNA: AMP;"	""	NA	"MUT: T160Mfs*4;"
"luad_tcga"	"TCGA-44-7671-01"	"TCGA-44-7671"	"MUT: G12C;"	""	""	""	""	""	""	""	""	""	""	""	""	""	""	""	""	""	""	""	""	""	""	""	NA	""
"luad_tcga"	"TCGA-44-7672-01"	"TCGA-44-7672"	"MUT: G12A; CNA: AMP;"	""	""	""	""	""	""	""	""	""	""	""	""	""	""	""	""	""	""	""	""	""	""	""	NA	""
"luad_tcga"	"TCGA-53-7626-01"	"TCGA-53-7626"	""	""	""	""	""	""	""	""	""	""	"MUT: M150L;"	""	""	""	""	""	""	""	""	""	""	""	""	""	NA	""
"luad_tcga"	"TCGA-55-7576-01"	"TCGA-55-7576"	"MUT: G12S; CNA: AMP;"	""	""	""	"CNA: AMP;"	""	"CNA: AMP;"	""	""	""	""	"MUT: P34R;"	""	""	""	""	""	""	""	""	""	""	""	""	NA	"CNA: AMP;"
"luad_tcga"	"TCGA-64-1679-01"	"TCGA-64-1679"	""	""	""	""	""	""	""	""	""	""	""	""	""	""	""	""	"CNA: HOMDEL;"	""	""	""	""	""	""	"CNA: AMP;"	NA	""
"luad_tcga"	"TCGA-64-1681-01"	"TCGA-64-1681"	""	""	""	""	""	""	""	""	""	""	""	""	""	""	""	""	""	""	"CNA: AMP;"	"CNA: HOMDEL;"	""	""	""	""	NA	""
"luad_tcga"	"TCGA-78-7166-01"	"TCGA-78-7166"	"MUT: G12C;"	""	""	""	""	""	""	""	""	""	""	""	""	""	""	""	""	""	""	""	""	""	""	""	NA	"CNA: AMP;"
"luad_tcga"	"TCGA-78-7167-01"	"TCGA-78-7167"	"MUT: G12F;"	""	""	""	""	""	""	""	""	""	""	""	""	""	""	""	""	""	""	""	""	""	""	""	NA	""
"luad_tcga"	"TCGA-78-7535-01"	"TCGA-78-7535"	""	""	""	""	""	""	""	""	""	""	""	""	"CNA: HOMDEL;"	""	""	""	""	""	""	""	""	""	""	"MUT: A580V,F343S;"	NA	""
"luad_tcga"	"TCGA-78-7536-01"	"TCGA-78-7536"	""	""	""	""	""	""	""	""	"MUT: E789D;"	""	""	""	""	""	""	""	""	"CNA: HOMDEL;"	""	""	""	""	""	""	NA	""
"luad_tcga"	"TCGA-78-7537-01"	"TCGA-78-7537"	""	""	"MUT: G466V;"	""	""	""	""	""	""	""	""	""	""	""	""	""	""	""	""	""	""	""	""	""	NA	""
"luad_tcga"	"TCGA-78-7539-01"	"TCGA-78-7539"	"MUT: G12C;"	""	"MUT: S394*;"	""	""	""	"CNA: AMP;"	""	"MUT: V515A;"	""	""	""	""	""	""	""	""	""	""	""	""	""	""	""	NA	"CNA: AMP;"
"luad_tcga"	"TCGA-78-7540-01"	"TCGA-78-7540"	"MUT: G12V;"	""	""	""	""	""	""	""	""	""	""	""	""	""	""	""	""	""	""	""	""	""	""	""	NA	""
"luad_tcga"	"TCGA-78-7633-01"	"TCGA-78-7633"	""	""	"MUT: G469L;"	""	""	""	""	""	""	""	""	""	""	""	""	""	""	""	""	""	""	""	""	""	NA	""
"luad_tcga"	"TCGA-86-7713-01"	"TCGA-86-7713"	"MUT: G12C;"	""	""	""	""	""	"MUT: T462K;"	""	""	""	""	""	""	""	""	""	""	""	""	""	""	""	""	""	NA	""
"luad_tcga"	"TCGA-95-7567-01"	"TCGA-95-7567"	"MUT: G12V;"	""	""	""	"MUT: S612C;"	""	""	"MUT: R1184W;"	""	""	""	""	""	""	""	""	""	""	""	""	""	""	""	""	NA	""
"luad_tcga"	"TCGA-53-7813-01"	"TCGA-53-7813"	"MUT: G12A;"	""	""	""	""	""	""	""	""	""	""	""	""	""	""	""	""	""	""	""	""	""	""	""	NA	""
"luad_tcga"	"TCGA-55-7725-01"	"TCGA-55-7725"	"MUT: G12V;"	""	""	""	""	""	""	""	""	""	""	""	""	""	""	""	""	""	""	""	""	""	""	""	NA	""
"luad_tcga"	"TCGA-55-7726-01"	"TCGA-55-7726"	"MUT: G12C;"	""	""	""	""	""	""	""	""	""	""	""	""	""	""	""	""	""	""	""	""	""	""	"CNA: AMP;"	NA	""
"luad_tcga"	"TCGA-55-7727-01"	"TCGA-55-7727"	""	""	""	""	""	""	""	""	""	""	""	"MUT: D334N;"	""	""	""	""	""	""	""	""	""	""	""	""	NA	""
"luad_tcga"	"TCGA-55-7815-01"	"TCGA-55-7815"	"MUT: G12V; CNA: AMP;"	""	""	""	""	""	""	""	""	""	""	""	""	""	""	""	""	""	""	""	""	""	""	""	NA	""
"luad_tcga"	"TCGA-55-7903-01"	"TCGA-55-7903"	""	""	"MUT: V600E,R146W;"	""	""	""	""	""	""	""	""	""	""	""	""	""	""	""	""	""	""	""	""	""	NA	"CNA: AMP;"
"luad_tcga"	"TCGA-55-7907-01"	"TCGA-55-7907"	"MUT: G12C;"	""	""	""	""	""	""	""	""	""	"CNA: HOMDEL;"	"MUT: G202C;"	""	""	""	""	""	""	""	""	""	""	""	"MUT: Q154H;"	NA	""
"luad_tcga"	"TCGA-55-7911-01"	"TCGA-55-7911"	"MUT: G12V,K88*;"	""	""	""	""	""	""	""	""	""	""	""	""	""	""	""	""	""	""	""	""	""	""	""	NA	""
"luad_tcga"	"TCGA-55-7914-01"	"TCGA-55-7914"	"MUT: G12C;"	""	""	""	""	""	""	""	""	""	""	""	""	""	""	""	""	""	""	""	""	""	""	""	NA	""
"luad_tcga"	"TCGA-69-7764-01"	"TCGA-69-7764"	""	""	""	""	""	""	"CNA: AMP;"	""	""	""	""	""	""	""	""	""	""	""	""	""	""	""	""	"CNA: AMP;"	NA	""
"luad_tcga"	"TCGA-69-7765-01"	"TCGA-69-7765"	""	""	"MUT: G469V;"	"MUT: S259F;"	""	""	""	""	""	""	""	""	"MUT: G265C;"	""	""	""	""	""	""	""	""	""	""	"MUT: Q13H; CNA: AMP;"	NA	""
"luad_tcga"	"TCGA-86-7714-01"	"TCGA-86-7714"	""	""	"MUT: V600E;"	""	""	""	""	""	""	""	""	""	""	""	""	""	""	""	""	""	""	""	""	""	NA	""
"luad_tcga"	"TCGA-91-7771-01"	"TCGA-91-7771"	""	""	""	""	""	""	""	""	""	"CNA: AMP;"	""	""	""	"CNA: AMP;"	""	""	""	""	""	""	""	""	""	""	NA	""
"luad_tcga"	"TCGA-97-7938-01"	"TCGA-97-7938"	"MUT: G12C;"	""	""	""	""	""	""	""	""	""	""	""	""	""	""	""	""	""	""	""	""	""	""	""	NA	""
"luad_tcga"	"TCGA-55-7728-01"	"TCGA-55-7728"	"MUT: G12V;"	""	""	""	""	""	""	""	""	""	""	""	""	""	""	""	""	""	""	""	""	""	""	""	NA	""
"luad_tcga"	"TCGA-69-7980-01"	"TCGA-69-7980"	"MUT: G12A;"	""	""	""	""	""	""	""	""	""	""	"MUT: X39_splice;"	"CNA: HOMDEL;"	""	""	""	""	""	""	""	""	""	""	""	NA	""
"luad_tcga"	"TCGA-73-7498-01"	"TCGA-73-7498"	"MUT: G12C;"	""	""	""	""	""	""	""	""	""	""	""	""	""	""	""	""	""	""	""	""	""	""	""	NA	""
"luad_tcga"	"TCGA-73-7499-01"	"TCGA-73-7499"	""	""	""	""	""	""	""	""	""	""	""	""	""	""	""	""	""	"MUT: S538T;"	""	""	""	""	""	""	NA	"CNA: AMP;"
"luad_tcga"	"TCGA-93-7347-01"	"TCGA-93-7347"	"MUT: G12C;"	""	""	""	""	""	""	""	""	""	""	""	""	""	""	""	""	""	""	""	""	"CNA: AMP;"	""	""	NA	""
"luad_tcga"	"TCGA-97-7941-01"	"TCGA-97-7941"	"MUT: G12A;"	""	""	""	""	""	""	""	""	""	""	""	""	""	""	""	""	""	""	""	""	""	""	""	NA	""
"luad_tcga"	"TCGA-35-3615-01"	"TCGA-35-3615"	"MUT: G12C;"	""	""	""	""	""	""	"CNA: HOMDEL;"	"CNA: HOMDEL;"	""	""	""	""	""	""	""	""	""	""	""	""	""	""	""	NA	"CNA: AMP;"
"luad_tcga"	"TCGA-44-2655-01"	"TCGA-44-2655"	""	""	""	""	""	""	""	""	""	""	""	""	""	""	""	""	""	""	""	""	""	""	""	""	NA	"CNA: AMP;"
"luad_tcga"	"TCGA-44-2656-01"	"TCGA-44-2656"	""	""	""	""	""	""	""	""	""	""	""	""	""	""	""	""	"MUT: V104I;"	""	""	""	""	""	""	""	NA	""
"luad_tcga"	"TCGA-44-2662-01"	"TCGA-44-2662"	""	""	"MUT: N581S;"	""	"MUT: A1393G;"	""	""	""	""	""	""	""	""	""	""	""	""	""	""	""	""	""	""	""	NA	""
"luad_tcga"	"TCGA-44-2666-01"	"TCGA-44-2666"	""	""	"MUT: V600E;"	""	""	""	""	""	""	""	""	""	""	""	""	""	""	""	""	""	""	""	""	""	NA	""
"luad_tcga"	"TCGA-55-1592-01"	"TCGA-55-1592"	"CNA: AMP;"	""	"CNA: AMP;"	""	""	""	""	""	""	""	""	""	""	""	""	""	""	""	""	""	""	""	""	"CNA: AMP;"	NA	""
"luad_tcga"	"TCGA-55-1594-01"	"TCGA-55-1594"	""	""	""	""	""	""	""	""	""	""	""	""	""	""	""	""	""	""	""	"MUT: S387C;"	""	""	""	""	NA	""
"luad_tcga"	"TCGA-64-1676-01"	"TCGA-64-1676"	""	""	""	""	""	""	""	""	""	"MUT: C121S;"	""	""	"MUT: P389L;"	""	""	""	"MUT: E251*;"	""	""	""	""	""	""	""	NA	"CNA: AMP;"
"luad_tcga"	"TCGA-64-1677-01"	"TCGA-64-1677"	"MUT: G12C;"	""	""	""	""	""	""	""	""	""	""	""	""	""	""	""	""	""	""	""	""	""	"CNA: AMP;"	""	NA	""
"luad_tcga"	"TCGA-64-1678-01"	"TCGA-64-1678"	""	""	""	""	""	""	""	""	""	"MUT: K57N;"	""	""	""	""	""	""	""	""	""	""	""	""	""	""	NA	""
"luad_tcga"	"TCGA-64-1680-01"	"TCGA-64-1680"	""	""	""	""	""	""	"CNA: AMP;"	""	""	""	""	""	""	""	""	""	""	""	""	""	""	""	""	""	NA	""
"luad_tcga"	"TCGA-67-3771-01"	"TCGA-67-3771"	""	""	""	""	""	"MUT: I544M;"	""	""	""	""	""	""	"MUT: X297_splice;"	""	""	""	""	""	"MUT: V21L;"	""	""	""	""	""	NA	"CNA: AMP;"
"luad_tcga"	"TCGA-67-3773-01"	"TCGA-67-3773"	"MUT: G12V;"	""	""	""	""	""	""	""	""	""	""	""	""	""	""	""	""	""	""	""	""	""	""	""	NA	""
"luad_tcga"	"TCGA-67-3774-01"	"TCGA-67-3774"	"MUT: G12F; CNA: AMP;"	""	""	""	""	""	""	""	""	""	""	""	""	""	""	""	""	""	""	""	""	""	""	""	NA	""
"luad_tcga"	"TCGA-05-4249-01"	"TCGA-05-4249"	"MUT: G12C;"	""	"MUT: A762E;"	""	""	"MUT: T94A;"	""	""	""	""	""	""	""	""	""	""	""	""	""	""	""	""	""	""	NA	"CNA: AMP;"
"luad_tcga"	"TCGA-44-2657-01"	"TCGA-44-2657"	"CNA: AMP;"	""	""	""	""	""	""	""	""	""	""	""	""	""	""	""	""	""	""	""	""	""	""	""	NA	""
"luad_tcga"	"TCGA-44-4112-01"	"TCGA-44-4112"	""	""	""	""	""	""	""	""	""	""	""	""	""	""	""	""	""	""	""	""	""	""	""	""	NA	"CNA: AMP;"
"luad_tcga"	"TCGA-05-4382-01"	"TCGA-05-4382"	""	""	"MUT: L613F;"	""	""	""	""	""	""	""	"CNA: HOMDEL;"	""	""	""	""	""	""	""	""	""	"MUT: C79F;"	""	""	""	NA	""
"luad_tcga"	"TCGA-05-4389-01"	"TCGA-05-4389"	""	""	"MUT: G469V;"	""	""	""	"CNA: AMP;"	""	""	""	""	""	""	""	""	""	""	""	""	""	""	""	""	""	NA	"CNA: AMP;"
"luad_tcga"	"TCGA-05-4395-01"	"TCGA-05-4395"	"MUT: G12V;"	""	""	""	""	""	""	""	""	""	""	""	""	""	""	""	""	""	""	""	""	""	""	""	NA	""
"luad_tcga"	"TCGA-05-4398-01"	"TCGA-05-4398"	""	""	""	""	""	""	""	""	""	""	""	""	""	""	""	""	""	""	""	""	"MUT: L98V;"	""	""	""	NA	""
"luad_tcga"	"TCGA-05-4402-01"	"TCGA-05-4402"	""	""	""	""	""	""	""	""	""	""	""	""	""	""	""	""	""	""	"CNA: AMP;"	""	""	""	""	""	NA	""
"luad_tcga"	"TCGA-05-4403-01"	"TCGA-05-4403"	"MUT: G12C;"	""	""	""	""	""	""	""	""	""	""	""	""	""	""	""	""	""	""	""	""	""	""	""	NA	""
"luad_tcga"	"TCGA-05-4418-01"	"TCGA-05-4418"	"MUT: G12C;"	""	""	""	""	""	""	""	""	""	""	""	""	""	""	""	""	""	""	""	"MUT: A340V;"	""	""	""	NA	"CNA: AMP;"
"luad_tcga"	"TCGA-05-4420-01"	"TCGA-05-4420"	""	"MUT: Q61L;"	""	""	""	""	""	""	""	""	""	""	""	""	""	""	""	""	""	""	""	""	""	""	NA	""
"luad_tcga"	"TCGA-05-4422-01"	"TCGA-05-4422"	""	""	""	""	""	""	""	""	""	""	""	""	""	""	""	""	""	""	""	""	""	""	""	""	NA	"CNA: AMP;"
"luad_tcga"	"TCGA-05-4426-01"	"TCGA-05-4426"	""	""	""	""	""	""	""	""	""	""	""	""	""	""	""	""	""	""	""	""	"CNA: AMP;"	""	""	"CNA: AMP;"	NA	""
"luad_tcga"	"TCGA-05-4430-01"	"TCGA-05-4430"	"MUT: G12C;"	""	""	""	""	""	""	""	""	""	""	""	""	""	""	""	""	""	"MUT: P589R;"	""	""	""	"CNA: AMP;"	""	NA	""
"luad_tcga"	"TCGA-38-4626-01"	"TCGA-38-4626"	"MUT: G12V;"	""	""	""	""	""	""	"MUT: G907C;"	""	""	""	""	""	""	""	""	""	""	""	""	""	""	""	""	NA	""
"luad_tcga"	"TCGA-38-4628-01"	"TCGA-38-4628"	""	""	""	""	""	""	""	""	""	""	""	""	""	""	""	""	""	""	""	""	""	""	""	"CNA: AMP;"	NA	"CNA: AMP;"
"luad_tcga"	"TCGA-44-3396-01"	"TCGA-44-3396"	""	""	""	""	""	""	""	"MUT: I294F;"	""	""	""	""	"CNA: HOMDEL;"	""	""	""	""	""	"CNA: HOMDEL;"	"CNA: HOMDEL;"	""	""	""	""	NA	""
"luad_tcga"	"TCGA-49-4486-01"	"TCGA-49-4486"	""	""	""	""	""	""	""	"MUT: F283V;"	""	""	""	""	""	""	""	""	""	""	""	""	""	""	""	""	NA	""
"luad_tcga"	"TCGA-49-4505-01"	"TCGA-49-4505"	"MUT: G12C;"	""	""	""	""	""	""	""	""	""	""	""	""	""	""	""	""	""	""	""	""	""	""	""	NA	""
"luad_tcga"	"TCGA-49-4506-01"	"TCGA-49-4506"	""	""	""	""	""	""	""	""	"MUT: I181F,A178S;"	""	""	""	""	""	""	""	""	""	""	""	""	""	""	""	NA	"CNA: AMP;"
"luad_tcga"	"TCGA-49-4507-01"	"TCGA-49-4507"	"CNA: AMP;"	""	""	""	""	""	""	""	""	""	""	""	""	""	""	""	""	""	""	""	""	""	""	""	NA	"CNA: AMP;"
"luad_tcga"	"TCGA-49-4510-01"	"TCGA-49-4510"	"MUT: G12D;"	""	""	""	""	""	""	""	""	""	""	""	""	""	""	""	""	""	""	""	""	""	""	""	NA	""
"luad_tcga"	"TCGA-73-4659-01"	"TCGA-73-4659"	"MUT: G12V;"	""	""	""	""	""	""	""	""	""	""	""	""	""	""	""	""	""	""	""	""	""	""	""	NA	""
"luad_tcga"	"TCGA-73-4662-01"	"TCGA-73-4662"	"MUT: G12C;"	""	""	""	""	""	""	""	""	""	""	""	""	""	""	""	""	""	""	""	""	""	""	""	NA	"CNA: AMP;"
"luad_tcga"	"TCGA-05-5428-01"	"TCGA-05-5428"	""	""	"MUT: D594N; CNA: AMP;"	""	""	""	""	""	""	""	""	""	""	""	""	""	""	""	""	""	""	""	""	"MUT: D233H; CNA: AMP;"	NA	""
"luad_tcga"	"TCGA-05-5715-01"	"TCGA-05-5715"	""	""	""	""	""	""	""	""	""	""	""	""	""	""	""	""	""	""	""	""	""	""	""	""	NA	"CNA: AMP;"
"luad_tcga"	"TCGA-50-5049-01"	"TCGA-50-5049"	""	""	""	""	""	""	""	""	""	""	""	""	"CNA: AMP;"	""	""	""	""	""	""	""	""	""	""	""	NA	""
"luad_tcga"	"TCGA-50-5936-01"	"TCGA-50-5936"	"MUT: G12C;"	""	""	""	""	""	""	""	"MUT: S607C;"	""	""	"MUT: M115Ifs*45;"	""	""	""	""	""	""	""	""	""	""	""	""	NA	""
"luad_tcga"	"TCGA-64-5774-01"	"TCGA-64-5774"	"MUT: G12C;"	""	""	""	""	""	""	"CNA: HOMDEL;"	"CNA: HOMDEL;"	""	""	""	""	""	""	""	""	""	""	""	""	""	""	""	NA	""
"luad_tcga"	"TCGA-64-5775-01"	"TCGA-64-5775"	"MUT: Q61L;"	""	""	""	""	""	""	""	""	""	""	""	""	""	""	""	""	""	""	""	""	""	""	""	NA	""
"luad_tcga"	"TCGA-64-5778-01"	"TCGA-64-5778"	"MUT: G12C;"	""	""	""	""	""	""	"MUT: K384E;"	""	""	""	""	""	""	""	""	""	""	""	""	""	""	""	"CNA: AMP;"	NA	""
"luad_tcga"	"TCGA-75-5146-01"	"TCGA-75-5146"	""	""	"MUT: G469V;"	""	""	""	""	""	""	""	""	""	""	""	""	""	""	""	""	""	"CNA: AMP;"	""	""	""	NA	""
"luad_tcga"	"TCGA-75-5147-01"	"TCGA-75-5147"	""	""	""	""	""	""	""	""	""	""	""	""	""	""	""	""	""	""	""	""	""	""	""	"CNA: AMP;"	NA	""
"luad_tcga"	"TCGA-05-4384-01"	"TCGA-05-4384"	""	""	""	""	""	""	""	""	""	""	""	""	""	""	""	""	""	""	""	""	""	""	""	""	NA	""
"luad_tcga"	"TCGA-05-4425-01"	"TCGA-05-4425"	""	""	""	""	""	""	""	""	""	""	""	""	""	""	""	""	""	""	""	""	""	""	""	""	NA	""
"luad_tcga"	"TCGA-38-4632-01"	"TCGA-38-4632"	""	""	""	""	""	""	""	""	""	""	""	""	""	""	""	""	""	""	""	""	""	""	""	""	NA	""
"luad_tcga"	"TCGA-38-6178-01"	"TCGA-38-6178"	""	""	""	""	""	""	""	""	""	""	""	""	""	""	""	""	""	""	""	""	""	""	""	""	NA	""
"luad_tcga"	"TCGA-44-6147-01"	"TCGA-44-6147"	""	""	""	""	""	""	""	""	""	""	""	""	""	""	""	""	""	""	""	""	""	""	""	""	NA	""
"luad_tcga"	"TCGA-50-5935-01"	"TCGA-50-5935"	""	""	""	""	""	""	""	""	""	""	""	""	""	""	""	""	""	""	""	""	""	""	""	""	NA	""
"luad_tcga"	"TCGA-50-6593-01"	"TCGA-50-6593"	""	""	""	""	""	""	""	""	""	""	""	""	""	""	""	""	""	""	""	""	""	""	""	""	NA	""
"luad_tcga"	"TCGA-55-6543-01"	"TCGA-55-6543"	""	""	""	""	""	""	""	""	""	""	""	""	""	""	""	""	""	""	""	""	""	""	""	""	NA	""
"luad_tcga"	"TCGA-67-6216-01"	"TCGA-67-6216"	""	""	""	""	""	""	""	""	""	""	""	""	""	""	""	""	""	""	""	""	""	""	""	""	NA	""
"luad_tcga"	"TCGA-67-6217-01"	"TCGA-67-6217"	""	""	""	""	""	""	""	""	""	""	""	""	""	""	""	""	""	""	""	""	""	""	""	""	NA	""
"luad_tcga"	"TCGA-75-6203-01"	"TCGA-75-6203"	""	""	""	""	""	""	""	""	""	""	""	""	""	""	""	""	""	""	""	""	""	""	""	""	NA	""
"luad_tcga"	"TCGA-75-6205-01"	"TCGA-75-6205"	""	""	""	""	""	""	""	""	""	""	""	""	""	""	""	""	""	""	""	""	""	""	""	""	NA	""
"luad_tcga"	"TCGA-75-6207-01"	"TCGA-75-6207"	""	""	""	""	""	""	""	""	""	""	""	""	""	""	""	""	""	""	""	""	""	""	""	""	NA	""
"luad_tcga"	"TCGA-75-6212-01"	"TCGA-75-6212"	""	""	""	""	""	""	""	""	""	""	""	""	""	""	""	""	""	""	""	""	""	""	""	""	NA	""
"luad_tcga"	"TCGA-44-6775-01"	"TCGA-44-6775"	""	""	""	""	""	""	""	""	""	""	""	""	""	""	""	""	""	""	""	""	""	""	""	""	NA	""
"luad_tcga"	"TCGA-44-6779-01"	"TCGA-44-6779"	""	""	""	""	""	""	""	""	""	""	""	""	""	""	""	""	""	""	""	""	""	""	""	""	NA	""
"luad_tcga"	"TCGA-49-4512-01"	"TCGA-49-4512"	""	""	""	""	""	""	""	""	""	""	""	""	""	""	""	""	""	""	""	""	""	""	""	""	NA	""
"luad_tcga"	"TCGA-49-4514-01"	"TCGA-49-4514"	""	""	""	""	""	""	""	""	""	""	""	""	""	""	""	""	""	""	""	""	""	""	""	""	NA	""
"luad_tcga"	"TCGA-49-6742-01"	"TCGA-49-6742"	""	""	""	""	""	""	""	""	""	""	""	""	""	""	""	""	""	""	""	""	""	""	""	""	NA	""
"luad_tcga"	"TCGA-50-6595-01"	"TCGA-50-6595"	""	""	""	""	""	""	""	""	""	""	""	""	""	""	""	""	""	""	""	""	""	""	""	""	NA	""
"luad_tcga"	"TCGA-50-6597-01"	"TCGA-50-6597"	""	""	""	""	""	""	""	""	""	""	""	""	""	""	""	""	""	""	""	""	""	""	""	""	NA	""
"luad_tcga"	"TCGA-55-6978-01"	"TCGA-55-6978"	""	""	""	""	""	""	""	""	""	""	""	""	""	""	""	""	""	""	""	""	""	""	""	""	NA	""
"luad_tcga"	"TCGA-55-6980-01"	"TCGA-55-6980"	""	""	""	""	""	""	""	""	""	""	""	""	""	""	""	""	""	""	""	""	""	""	""	""	NA	""
"luad_tcga"	"TCGA-55-6982-01"	"TCGA-55-6982"	""	""	""	""	""	""	""	""	""	""	""	""	""	""	""	""	""	""	""	""	""	""	""	""	NA	""
"luad_tcga"	"TCGA-75-6214-01"	"TCGA-75-6214"	""	""	""	""	""	""	""	""	""	""	""	""	""	""	""	""	""	""	""	""	""	""	""	""	NA	""
"luad_tcga"	"TCGA-75-7025-01"	"TCGA-75-7025"	""	""	""	""	""	""	""	""	""	""	""	""	""	""	""	""	""	""	""	""	""	""	""	""	NA	""
"luad_tcga"	"TCGA-55-7574-01"	"TCGA-55-7574"	""	""	""	""	""	""	""	""	""	""	""	""	""	""	""	""	""	""	""	""	""	""	""	""	NA	""
"luad_tcga"	"TCGA-78-7143-01"	"TCGA-78-7143"	""	""	""	""	""	""	""	""	""	""	""	""	""	""	""	""	""	""	""	""	""	""	""	""	NA	""
"luad_tcga"	"TCGA-78-7147-01"	"TCGA-78-7147"	""	""	""	""	""	""	""	""	""	""	""	""	""	""	""	""	""	""	""	""	""	""	""	""	NA	""
"luad_tcga"	"TCGA-78-7150-01"	"TCGA-78-7150"	""	""	""	""	""	""	""	""	""	""	""	""	""	""	""	""	""	""	""	""	""	""	""	""	NA	""
"luad_tcga"	"TCGA-78-7152-01"	"TCGA-78-7152"	""	""	""	""	""	""	""	""	""	""	""	""	""	""	""	""	""	""	""	""	""	""	""	""	NA	""
"luad_tcga"	"TCGA-78-7156-01"	"TCGA-78-7156"	""	""	""	""	""	""	""	""	""	""	""	""	""	""	""	""	""	""	""	""	""	""	""	""	NA	""
"luad_tcga"	"TCGA-78-7158-01"	"TCGA-78-7158"	""	""	""	""	""	""	""	""	""	""	""	""	""	""	""	""	""	""	""	""	""	""	""	""	NA	""
"luad_tcga"	"TCGA-78-7159-01"	"TCGA-78-7159"	""	""	""	""	""	""	""	""	""	""	""	""	""	""	""	""	""	""	""	""	""	""	""	""	NA	""
"luad_tcga"	"TCGA-93-7348-01"	"TCGA-93-7348"	""	""	""	""	""	""	""	""	""	""	""	""	""	""	""	""	""	""	""	""	""	""	""	""	NA	""
"luad_tcga"	"TCGA-97-7552-01"	"TCGA-97-7552"	""	""	""	""	""	""	""	""	""	""	""	""	""	""	""	""	""	""	""	""	""	""	""	""	NA	""
"luad_tcga"	"TCGA-97-7553-01"	"TCGA-97-7553"	""	""	""	""	""	""	""	""	""	""	""	""	""	""	""	""	""	""	""	""	""	""	""	""	NA	""
"luad_tcga"	"TCGA-78-7162-01"	"TCGA-78-7162"	""	""	""	""	""	""	""	""	""	""	""	""	""	""	""	""	""	""	""	""	""	""	""	""	NA	""
"luad_tcga"	"TCGA-78-7163-01"	"TCGA-78-7163"	""	""	""	""	""	""	""	""	""	""	""	""	""	""	""	""	""	""	""	""	""	""	""	""	NA	""
"luad_tcga"	"TCGA-78-7542-01"	"TCGA-78-7542"	""	""	""	""	""	""	""	""	""	""	""	""	""	""	""	""	""	""	""	""	""	""	""	""	NA	""
"luad_tcga"	"TCGA-55-7724-01"	"TCGA-55-7724"	""	""	""	""	""	""	""	""	""	""	""	""	""	""	""	""	""	""	""	""	""	""	""	""	NA	""
"luad_tcga"	"TCGA-69-7760-01"	"TCGA-69-7760"	""	""	""	""	""	""	""	""	""	""	""	""	""	""	""	""	""	""	""	""	""	""	""	""	NA	""
"luad_tcga"	"TCGA-69-7761-01"	"TCGA-69-7761"	""	""	""	""	""	""	""	""	""	""	""	""	""	""	""	""	""	""	""	""	""	""	""	""	NA	""
"luad_tcga"	"TCGA-69-7763-01"	"TCGA-69-7763"	""	""	""	""	""	""	""	""	""	""	""	""	""	""	""	""	""	""	""	""	""	""	""	""	NA	""
"luad_tcga"	"TCGA-97-7937-01"	"TCGA-97-7937"	""	""	""	""	""	""	""	""	""	""	""	""	""	""	""	""	""	""	""	""	""	""	""	""	NA	""
"luad_tcga"	"TCGA-95-7947-01"	"TCGA-95-7947"	""	""	""	""	""	""	""	""	""	""	""	""	""	""	""	""	""	""	""	""	""	""	""	""	NA	""
"luad_tcga"	"TCGA-95-7948-01"	"TCGA-95-7948"	""	""	""	""	""	""	""	""	""	""	""	""	""	""	""	""	""	""	""	""	""	""	""	""	NA	""
"luad_tcga"	"TCGA-44-2659-01"	"TCGA-44-2659"	""	""	""	""	""	""	""	""	""	""	""	""	""	""	""	""	""	""	""	""	""	""	""	""	NA	""
"luad_tcga"	"TCGA-44-2665-01"	"TCGA-44-2665"	""	""	""	""	""	""	""	""	""	""	""	""	""	""	""	""	""	""	""	""	""	""	""	""	NA	""
"luad_tcga"	"TCGA-55-1596-01"	"TCGA-55-1596"	""	""	""	""	""	""	""	""	""	""	""	""	""	""	""	""	""	""	""	""	""	""	""	""	NA	""
"luad_tcga"	"TCGA-67-3772-01"	"TCGA-67-3772"	""	""	""	""	""	""	""	""	""	""	""	""	""	""	""	""	""	""	""	""	""	""	""	""	NA	""
"luad_tcga"	"TCGA-44-2661-01"	"TCGA-44-2661"	""	""	""	""	""	""	""	""	""	""	""	""	""	""	""	""	""	""	""	""	""	""	""	""	NA	""
"luad_tcga"	"TCGA-44-3919-01"	"TCGA-44-3919"	""	""	""	""	""	""	""	""	""	""	""	""	""	""	""	""	""	""	""	""	""	""	""	""	NA	""
"luad_tcga"	"TCGA-05-4432-01"	"TCGA-05-4432"	""	""	""	""	""	""	""	""	""	""	""	""	""	""	""	""	""	""	""	""	""	""	""	""	NA	""
"luad_tcga"	"TCGA-38-4627-01"	"TCGA-38-4627"	""	""	""	""	""	""	""	""	""	""	""	""	""	""	""	""	""	""	""	""	""	""	""	""	NA	""
"luad_tcga"	"TCGA-49-4494-01"	"TCGA-49-4494"	""	""	""	""	""	""	""	""	""	""	""	""	""	""	""	""	""	""	""	""	""	""	""	""	NA	""
"luad_tcga"	"TCGA-49-4501-01"	"TCGA-49-4501"	""	""	""	""	""	""	""	""	""	""	""	""	""	""	""	""	""	""	""	""	""	""	""	""	NA	""
"luad_tcga"	"TCGA-73-4675-01"	"TCGA-73-4675"	""	""	""	""	""	""	""	""	""	""	""	""	""	""	""	""	""	""	""	""	""	""	""	""	NA	""
"luad_tcga"	"TCGA-05-5420-01"	"TCGA-05-5420"	""	""	""	""	""	""	""	""	""	""	""	""	""	""	""	""	""	""	""	""	""	""	""	""	NA	""
"luad_tcga"	"TCGA-05-5423-01"	"TCGA-05-5423"	""	""	""	""	""	""	""	""	""	""	""	""	""	""	""	""	""	""	""	""	""	""	""	""	NA	""
"luad_tcga"	"TCGA-05-5429-01"	"TCGA-05-5429"	""	""	""	""	""	""	""	""	""	""	""	""	""	""	""	""	""	""	""	""	""	""	""	""	NA	""
"luad_tcga"	"TCGA-44-5645-01"	"TCGA-44-5645"	""	""	""	""	""	""	""	""	""	""	""	""	""	""	""	""	""	""	""	""	""	""	""	""	NA	""
"luad_tcga"	"TCGA-50-5055-01"	"TCGA-50-5055"	""	""	""	""	""	""	""	""	""	""	""	""	""	""	""	""	""	""	""	""	""	""	""	""	NA	""
"luad_tcga"	"TCGA-50-5068-01"	"TCGA-50-5068"	""	""	""	""	""	""	""	""	""	""	""	""	""	""	""	""	""	""	""	""	""	""	""	""	NA	""
"luad_tcga"	"TCGA-50-5939-01"	"TCGA-50-5939"	""	""	""	""	""	""	""	""	""	""	""	""	""	""	""	""	""	""	""	""	""	""	""	""	NA	""
"luad_tcga"	"TCGA-64-5781-01"	"TCGA-64-5781"	""	""	""	""	""	""	""	""	""	""	""	""	""	""	""	""	""	""	""	""	""	""	""	""	NA	""
