"","drug","model.id","response_type","value"
"1","Control","m.5686.5.1715","mRECIST","PD"
"2","Control","m.5686.5.1715","best.average.response","25.1562"
"3","Control","m.5686.5.1715","slope","81.0968"
"4","Control","m.5686.5.1715","AUC","257.7579"
"5","Control","m.5686.5.1715","survival","66.0000"
"6","Cisplatin","m.5688.12.1715","mRECIST","SD"
"7","Cisplatin","m.5688.12.1715","best.average.response","-21.9671"
"8","Cisplatin","m.5688.12.1715","slope","63.5427"
"9","Cisplatin","m.5688.12.1715","AUC","201.0021"
"10","Cisplatin","m.5688.12.1715","survival","69.0000"
"11","Gemcitabine","m.5690.19.1715","mRECIST","CR"
"12","Gemcitabine","m.5690.19.1715","best.average.response","-76.2111"
"13","Gemcitabine","m.5690.19.1715","slope","-70.7935"
"14","Gemcitabine","m.5690.19.1715","AUC","15.3667"
"15","Gemcitabine","m.5690.19.1715","survival","84.0000"
"16","Paclitaxel","m.5689.26.1715","mRECIST","PR"
"17","Paclitaxel","m.5689.26.1715","best.average.response","-21.1686"
"18","Paclitaxel","m.5689.26.1715","slope","49.9864"
"19","Paclitaxel","m.5689.26.1715","AUC","108.0095"
"20","Paclitaxel","m.5689.26.1715","survival","80.0000"
"21","Doxorubicin","m.5687.33.1715","mRECIST","PD"
"22","Doxorubicin","m.5687.33.1715","best.average.response","30.4980"
"23","Doxorubicin","m.5687.33.1715","slope","70.9787"
"24","Doxorubicin","m.5687.33.1715","AUC","173.1654"
"25","Doxorubicin","m.5687.33.1715","survival","24.0000"
"26","Control","m.5372.5.1735","mRECIST","PD"
"27","Control","m.5372.5.1735","best.average.response","355.7465"
"28","Control","m.5372.5.1735","slope","89.1908"
"29","Control","m.5372.5.1735","AUC","529.2344"
"30","Control","m.5372.5.1735","survival","14.0000"
"31","Cisplatin","m.4803.12.1735","mRECIST","PD"
"32","Cisplatin","m.4803.12.1735","best.average.response","135.0659"
"33","Cisplatin","m.4803.12.1735","slope","89.2853"
"34","Cisplatin","m.4803.12.1735","AUC","1129.1998"
"35","Cisplatin","m.4803.12.1735","survival","28.0000"
"36","Gemcitabine","m.4801.19.1735","mRECIST","PD"
"37","Gemcitabine","m.4801.19.1735","best.average.response","77.3073"
"38","Gemcitabine","m.4801.19.1735","slope","83.5395"
"39","Gemcitabine","m.4801.19.1735","AUC","541.9943"
"40","Gemcitabine","m.4801.19.1735","survival","49.0000"
"41","Paclitaxel","m.5374.26.1735","mRECIST","SD"
"42","Paclitaxel","m.5374.26.1735","best.average.response","1.3762"
"43","Paclitaxel","m.5374.26.1735","slope","63.4147"
"44","Paclitaxel","m.5374.26.1735","AUC","255.0944"
"45","Paclitaxel","m.5374.26.1735","survival","49.0000"
"46","Doxorubicin","m.5373.33.1735","mRECIST",NA
"47","Doxorubicin","m.5373.33.1735","best.average.response","NA"
"48","Doxorubicin","m.5373.33.1735","slope","87.3577"
"49","Doxorubicin","m.5373.33.1735","AUC","273.6438"
"50","Doxorubicin","m.5373.33.1735","survival","10.0000"
"51","Control","m.4689.5.1738","mRECIST","PD"
"52","Control","m.4689.5.1738","best.average.response","66.2121"
"53","Control","m.4689.5.1738","slope","88.1425"
"54","Control","m.4689.5.1738","AUC","548.1127"
"55","Control","m.4689.5.1738","survival","28.0000"
"56","Cisplatin","m.4928.12.1738","mRECIST","PR"
"57","Cisplatin","m.4928.12.1738","best.average.response","-33.7202"
"58","Cisplatin","m.4928.12.1738","slope","-62.2118"
"59","Cisplatin","m.4928.12.1738","AUC","65.9919"
"60","Cisplatin","m.4928.12.1738","survival","50.0000"
"61","Gemcitabine","m.4929.19.1738","mRECIST","PD"
"62","Gemcitabine","m.4929.19.1738","best.average.response","103.4583"
"63","Gemcitabine","m.4929.19.1738","slope","86.8000"
"64","Gemcitabine","m.4929.19.1738","AUC","318.0787"
"65","Gemcitabine","m.4929.19.1738","survival","27.0000"
"66","Paclitaxel","m.4925.26.1738","mRECIST","PD"
"67","Paclitaxel","m.4925.26.1738","best.average.response","132.9813"
"68","Paclitaxel","m.4925.26.1738","slope","88.1516"
"69","Paclitaxel","m.4925.26.1738","AUC","539.1806"
"70","Paclitaxel","m.4925.26.1738","survival","27.0000"
"71","Doxorubicin","m.4927.33.1738","mRECIST","SD"
"72","Doxorubicin","m.4927.33.1738","best.average.response","11.2755"
"73","Doxorubicin","m.4927.33.1738","slope","69.9734"
"74","Doxorubicin","m.4927.33.1738","AUC","184.8345"
"75","Doxorubicin","m.4927.33.1738","survival","27.0000"
"76","Control","m.4778.5.1784","mRECIST","PD"
"77","Control","m.4778.5.1784","best.average.response","42.2508"
"78","Control","m.4778.5.1784","slope","81.4864"
"79","Control","m.4778.5.1784","AUC","319.0138"
"80","Control","m.4778.5.1784","survival","52.0000"
"81","Cisplatin","m.4778.12.1784","mRECIST","PD"
"82","Cisplatin","m.4778.12.1784","best.average.response","42.2508"
"83","Cisplatin","m.4778.12.1784","slope","82.0703"
"84","Cisplatin","m.4778.12.1784","AUC","248.2879"
"85","Cisplatin","m.4778.12.1784","survival","28.0000"
"86","Gemcitabine","m.5321.19.1784","mRECIST","SD"
"87","Gemcitabine","m.5321.19.1784","best.average.response","-23.1250"
"88","Gemcitabine","m.5321.19.1784","slope","47.7170"
"89","Gemcitabine","m.5321.19.1784","AUC","121.2746"
"90","Gemcitabine","m.5321.19.1784","survival","56.0000"
"91","Paclitaxel","m.5323.26.1784","mRECIST","CR"
"92","Paclitaxel","m.5323.26.1784","best.average.response","-74.2582"
"93","Paclitaxel","m.5323.26.1784","slope","-67.6076"
"94","Paclitaxel","m.5323.26.1784","AUC","21.9529"
"95","Paclitaxel","m.5323.26.1784","survival","57.0000"
"96","Doxorubicin","m.5320.33.1784","mRECIST","SD"
"97","Doxorubicin","m.5320.33.1784","best.average.response","3.3907"
"98","Doxorubicin","m.5320.33.1784","slope","77.6053"
"99","Doxorubicin","m.5320.33.1784","AUC","265.9863"
"100","Doxorubicin","m.5320.33.1784","survival","57.0000"
"101","Control","m.4780.5.1828","mRECIST","SD"
"102","Control","m.4780.5.1828","best.average.response","8.2840"
"103","Control","m.4780.5.1828","slope","77.9585"
"104","Control","m.4780.5.1828","AUC","162.0281"
"105","Control","m.4780.5.1828","survival","30.0000"
"106","Cisplatin","m.4782.12.1828","mRECIST","SD"
"107","Cisplatin","m.4782.12.1828","best.average.response","-33.3283"
"108","Cisplatin","m.4782.12.1828","slope","-52.3782"
"109","Cisplatin","m.4782.12.1828","AUC","55.1116"
"110","Cisplatin","m.4782.12.1828","survival","28.0000"
"111","Gemcitabine","m.4783.19.1828","mRECIST","SD"
"112","Gemcitabine","m.4783.19.1828","best.average.response","-5.2592"
"113","Gemcitabine","m.4783.19.1828","slope","53.6347"
"114","Gemcitabine","m.4783.19.1828","AUC","112.0972"
"115","Gemcitabine","m.4783.19.1828","survival","76.0000"
"116","Paclitaxel","m.4781.26.1828","mRECIST","PR"
"117","Paclitaxel","m.4781.26.1828","best.average.response","-32.8026"
"118","Paclitaxel","m.4781.26.1828","slope","-47.2496"
"119","Paclitaxel","m.4781.26.1828","AUC","79.6836"
"120","Paclitaxel","m.4781.26.1828","survival","56.0000"
"121","Doxorubicin","m.4770.33.1828","mRECIST","SD"
"122","Doxorubicin","m.4770.33.1828","best.average.response","-11.8017"
"123","Doxorubicin","m.4770.33.1828","slope","-74.7804"
"124","Doxorubicin","m.4770.33.1828","AUC","281.2333"
"125","Doxorubicin","m.4770.33.1828","survival","15.0000"
"126","Control","m.4997.5.1834","mRECIST","PD"
"127","Control","m.4997.5.1834","best.average.response","36.2222"
"128","Control","m.4997.5.1834","slope","68.1809"
"129","Control","m.4997.5.1834","AUC","129.7701"
"130","Control","m.4997.5.1834","survival","80.0000"
"131","Cisplatin","m.4266.12.1834","mRECIST","SD"
"132","Cisplatin","m.4266.12.1834","best.average.response","-17.5429"
"133","Cisplatin","m.4266.12.1834","slope","-6.3158"
"134","Cisplatin","m.4266.12.1834","AUC","45.5596"
"135","Cisplatin","m.4266.12.1834","survival","52.0000"
"136","Gemcitabine","m.4994.19.1834","mRECIST","SD"
"137","Gemcitabine","m.4994.19.1834","best.average.response","-28.1732"
"138","Gemcitabine","m.4994.19.1834","slope","-60.3523"
"139","Gemcitabine","m.4994.19.1834","AUC","72.8650"
"140","Gemcitabine","m.4994.19.1834","survival","25.0000"
"141","Paclitaxel","m.4496.26.1834","mRECIST","CR"
"142","Paclitaxel","m.4496.26.1834","best.average.response","-67.9398"
"143","Paclitaxel","m.4496.26.1834","slope","-71.2986"
"144","Paclitaxel","m.4496.26.1834","AUC","27.9100"
"145","Paclitaxel","m.4496.26.1834","survival","50.0000"
"146","Doxorubicin","m.4995.33.1834","mRECIST","PD"
"147","Doxorubicin","m.4995.33.1834","best.average.response","16.7708"
"148","Doxorubicin","m.4995.33.1834","slope","73.2575"
"149","Doxorubicin","m.4995.33.1834","AUC","138.3578"
"150","Doxorubicin","m.4995.33.1834","survival","29.0000"
"151","Control","m.5216.5.1840","mRECIST","PD"
"152","Control","m.5216.5.1840","best.average.response","50.2421"
"153","Control","m.5216.5.1840","slope","83.4554"
"154","Control","m.5216.5.1840","AUC","290.2872"
"155","Control","m.5216.5.1840","survival","42.0000"
"156","Cisplatin","m.4706.12.1840","mRECIST","PR"
"157","Cisplatin","m.4706.12.1840","best.average.response","-37.9931"
"158","Cisplatin","m.4706.12.1840","slope","-62.3189"
"159","Cisplatin","m.4706.12.1840","AUC","63.8298"
"160","Cisplatin","m.4706.12.1840","survival","38.0000"
"161","Gemcitabine","m.5217.19.1840","mRECIST","CR"
"162","Gemcitabine","m.5217.19.1840","best.average.response","-61.3659"
"163","Gemcitabine","m.5217.19.1840","slope","-80.9428"
"164","Gemcitabine","m.5217.19.1840","AUC","45.4243"
"165","Gemcitabine","m.5217.19.1840","survival","26.0000"
"166","Paclitaxel","m.5218.26.1840","mRECIST","PR"
"167","Paclitaxel","m.5218.26.1840","best.average.response","-34.4353"
"168","Paclitaxel","m.5218.26.1840","slope","-5.4121"
"169","Paclitaxel","m.5218.26.1840","AUC","80.3215"
"170","Paclitaxel","m.5218.26.1840","survival","63.0000"
"171","Doxorubicin","m.5215.33.1840","mRECIST","PD"
"172","Doxorubicin","m.5215.33.1840","best.average.response","15.1923"
"173","Doxorubicin","m.5215.33.1840","slope","82.6427"
"174","Doxorubicin","m.5215.33.1840","AUC","321.1601"
"175","Doxorubicin","m.5215.33.1840","survival","57.0000"
"176","Control","m.5656.5.1851","mRECIST","PD"
"177","Control","m.5656.5.1851","best.average.response","62.2222"
"178","Control","m.5656.5.1851","slope","86.2591"
"179","Control","m.5656.5.1851","AUC","364.1607"
"180","Control","m.5656.5.1851","survival","35.0000"
"181","Cisplatin","m.5082.12.1851","mRECIST","PD"
"182","Cisplatin","m.5082.12.1851","best.average.response","32.5279"
"183","Cisplatin","m.5082.12.1851","slope","18.2664"
"184","Cisplatin","m.5082.12.1851","AUC","144.3554"
"185","Cisplatin","m.5082.12.1851","survival","92.0000"
"186","Gemcitabine","m.5659.19.1851","mRECIST","SD"
"187","Gemcitabine","m.5659.19.1851","best.average.response","9.5016"
"188","Gemcitabine","m.5659.19.1851","slope","79.1055"
"189","Gemcitabine","m.5659.19.1851","AUC","234.5590"
"190","Gemcitabine","m.5659.19.1851","survival","36.0000"
"191","Paclitaxel","m.5081.26.1851","mRECIST","SD"
"192","Paclitaxel","m.5081.26.1851","best.average.response","1.9790"
"193","Paclitaxel","m.5081.26.1851","slope","68.3128"
"194","Paclitaxel","m.5081.26.1851","AUC","202.5570"
"195","Paclitaxel","m.5081.26.1851","survival","57.0000"
"196","Doxorubicin","m.5658.33.1851","mRECIST","SD"
"197","Doxorubicin","m.5658.33.1851","best.average.response","-3.9053"
"198","Doxorubicin","m.5658.33.1851","slope","67.3464"
"199","Doxorubicin","m.5658.33.1851","AUC","137.7759"
"200","Doxorubicin","m.5658.33.1851","survival","29.0000"
"201","Control","m.5273.5.1863","mRECIST","PD"
"202","Control","m.5273.5.1863","best.average.response","425.2686"
"203","Control","m.5273.5.1863","slope","89.2689"
"204","Control","m.5273.5.1863","AUC","817.0412"
"205","Control","m.5273.5.1863","survival","22.0000"
"206","Cisplatin","m.5268.12.1863","mRECIST","PR"
"207","Cisplatin","m.5268.12.1863","best.average.response","-48.8718"
"208","Cisplatin","m.5268.12.1863","slope","-55.8548"
"209","Cisplatin","m.5268.12.1863","AUC","55.7290"
"210","Cisplatin","m.5268.12.1863","survival","76.0000"
"211","Gemcitabine","m.5274.19.1863","mRECIST","CR"
"212","Gemcitabine","m.5274.19.1863","best.average.response","-72.2258"
"213","Gemcitabine","m.5274.19.1863","slope","-69.7923"
"214","Gemcitabine","m.5274.19.1863","AUC","28.7789"
"215","Gemcitabine","m.5274.19.1863","survival","53.0000"
"216","Paclitaxel","m.5270.26.1863","mRECIST","SD"
"217","Paclitaxel","m.5270.26.1863","best.average.response","1.8287"
"218","Paclitaxel","m.5270.26.1863","slope","-39.9337"
"219","Paclitaxel","m.5270.26.1863","AUC","87.0451"
"220","Paclitaxel","m.5270.26.1863","survival","54.0000"
"221","Doxorubicin","m.5269.33.1863","mRECIST","PD"
"222","Doxorubicin","m.5269.33.1863","best.average.response","145.5440"
"223","Doxorubicin","m.5269.33.1863","slope","88.4210"
"224","Doxorubicin","m.5269.33.1863","AUC","717.9679"
"225","Doxorubicin","m.5269.33.1863","survival","35.0000"
"226","Control","m.5205.5.1868","mRECIST","PD"
"227","Control","m.5205.5.1868","best.average.response","90.1673"
"228","Control","m.5205.5.1868","slope","86.4310"
"229","Control","m.5205.5.1868","AUC","449.8686"
"230","Control","m.5205.5.1868","survival","49.0000"
"231","Cisplatin","m.5208.12.1868","mRECIST","CR"
"232","Cisplatin","m.5208.12.1868","best.average.response","-64.7135"
"233","Cisplatin","m.5208.12.1868","slope","-59.9013"
"234","Cisplatin","m.5208.12.1868","AUC","21.2830"
"235","Cisplatin","m.5208.12.1868","survival","53.0000"
"236","Gemcitabine","m.5203.19.1868","mRECIST","SD"
"237","Gemcitabine","m.5203.19.1868","best.average.response","-13.3250"
"238","Gemcitabine","m.5203.19.1868","slope","60.6794"
"239","Gemcitabine","m.5203.19.1868","AUC","149.0710"
"240","Gemcitabine","m.5203.19.1868","survival","33.0000"
"241","Paclitaxel","m.5202.26.1868","mRECIST","CR"
"242","Paclitaxel","m.5202.26.1868","best.average.response","-68.5766"
"243","Paclitaxel","m.5202.26.1868","slope","-69.7859"
"244","Paclitaxel","m.5202.26.1868","AUC","32.3698"
"245","Paclitaxel","m.5202.26.1868","survival","67.0000"
"246","Control","m.5151.5.1876","mRECIST","SD"
"247","Control","m.5151.5.1876","best.average.response","9.7519"
"248","Control","m.5151.5.1876","slope","82.2421"
"249","Control","m.5151.5.1876","AUC","331.1089"
"250","Control","m.5151.5.1876","survival","66.0000"
"251","Cisplatin","m.5140.12.1876","mRECIST","CR"
"252","Cisplatin","m.5140.12.1876","best.average.response","-81.6153"
"253","Cisplatin","m.5140.12.1876","slope","-69.6359"
"254","Cisplatin","m.5140.12.1876","AUC","15.2272"
"255","Cisplatin","m.5140.12.1876","survival","80.0000"
"256","Gemcitabine","m.5039.19.1876","mRECIST","PR"
"257","Gemcitabine","m.5039.19.1876","best.average.response","-35.4083"
"258","Gemcitabine","m.5039.19.1876","slope","-7.9852"
"259","Gemcitabine","m.5039.19.1876","AUC","87.6769"
"260","Gemcitabine","m.5039.19.1876","survival","77.0000"
"261","Paclitaxel","m.5147.26.1876","mRECIST","CR"
"262","Paclitaxel","m.5147.26.1876","best.average.response","-70.6752"
"263","Paclitaxel","m.5147.26.1876","slope","-82.2204"
"264","Paclitaxel","m.5147.26.1876","AUC","86.0283"
"265","Paclitaxel","m.5147.26.1876","survival","81.0000"
"266","Doxorubicin","m.5152.33.1876","mRECIST","SD"
"267","Doxorubicin","m.5152.33.1876","best.average.response","15.5273"
"268","Doxorubicin","m.5152.33.1876","slope","55.5542"
"269","Doxorubicin","m.5152.33.1876","AUC","591.6393"
"270","Doxorubicin","m.5152.33.1876","survival","57.0000"
"271","Control","m.5366.5.1882","mRECIST","PD"
"272","Control","m.5366.5.1882","best.average.response","129.4823"
"273","Control","m.5366.5.1882","slope","88.2815"
"274","Control","m.5366.5.1882","AUC","526.6473"
"275","Control","m.5366.5.1882","survival","28.0000"
"276","Cisplatin","m.5364.12.1882","mRECIST","CR"
"277","Cisplatin","m.5364.12.1882","best.average.response","-77.2240"
"278","Cisplatin","m.5364.12.1882","slope","-76.9163"
"279","Cisplatin","m.5364.12.1882","AUC","30.6274"
"280","Cisplatin","m.5364.12.1882","survival","53.0000"
"281","Gemcitabine","m.5369.19.1882","mRECIST","PD"
"282","Gemcitabine","m.5369.19.1882","best.average.response","61.4463"
"283","Gemcitabine","m.5369.19.1882","slope","78.9051"
"284","Gemcitabine","m.5369.19.1882","AUC","237.0853"
"285","Gemcitabine","m.5369.19.1882","survival","52.0000"
"286","Paclitaxel","m.5365.26.1882","mRECIST","PR"
"287","Paclitaxel","m.5365.26.1882","best.average.response","-52.3997"
"288","Paclitaxel","m.5365.26.1882","slope","-69.1766"
"289","Paclitaxel","m.5365.26.1882","AUC","56.9306"
"290","Paclitaxel","m.5365.26.1882","survival","54.0000"
"291","Doxorubicin","m.5554.33.1882","mRECIST","CR"
"292","Doxorubicin","m.5554.33.1882","best.average.response","-68.0237"
"293","Doxorubicin","m.5554.33.1882","slope","-70.5139"
"294","Doxorubicin","m.5554.33.1882","AUC","31.8833"
"295","Doxorubicin","m.5554.33.1882","survival","49.0000"
"296","Control","m.5487.5.1886","mRECIST","PD"
"297","Control","m.5487.5.1886","best.average.response","133.2983"
"298","Control","m.5487.5.1886","slope","87.6783"
"299","Control","m.5487.5.1886","AUC","491.6326"
"300","Control","m.5487.5.1886","survival","37.0000"
"301","Cisplatin","m.5037.12.1886","mRECIST","PD"
"302","Cisplatin","m.5037.12.1886","best.average.response","80.0000"
"303","Cisplatin","m.5037.12.1886","slope","88.0041"
"304","Cisplatin","m.5037.12.1886","AUC","635.9256"
"305","Cisplatin","m.5037.12.1886","survival","42.0000"
"306","Gemcitabine","m.4714.19.1886","mRECIST","SD"
"307","Gemcitabine","m.4714.19.1886","best.average.response","22.7934"
"308","Gemcitabine","m.4714.19.1886","slope","80.3639"
"309","Gemcitabine","m.4714.19.1886","AUC","263.9636"
"310","Gemcitabine","m.4714.19.1886","survival","49.0000"
"311","Paclitaxel","m.5486.26.1886","mRECIST","PD"
"312","Paclitaxel","m.5486.26.1886","best.average.response","52.4722"
"313","Paclitaxel","m.5486.26.1886","slope","87.4041"
"314","Paclitaxel","m.5486.26.1886","AUC","591.7031"
"315","Paclitaxel","m.5486.26.1886","survival","42.0000"
"316","Doxorubicin","m.5734.33.1886","mRECIST","PD"
"317","Doxorubicin","m.5734.33.1886","best.average.response","43.8194"
"318","Doxorubicin","m.5734.33.1886","slope","82.6699"
"319","Doxorubicin","m.5734.33.1886","AUC","224.0732"
"320","Doxorubicin","m.5734.33.1886","survival","35.0000"
"321","Control","m.5665.5.1887","mRECIST","PD"
"322","Control","m.5665.5.1887","best.average.response","234.0408"
"323","Control","m.5665.5.1887","slope","89.0853"
"324","Control","m.5665.5.1887","AUC","739.4940"
"325","Control","m.5665.5.1887","survival","21.0000"
"326","Cisplatin","m.5660.12.1887","mRECIST","PD"
"327","Cisplatin","m.5660.12.1887","best.average.response","55.1605"
"328","Cisplatin","m.5660.12.1887","slope","87.5220"
"329","Cisplatin","m.5660.12.1887","AUC","424.3031"
"330","Cisplatin","m.5660.12.1887","survival","20.0000"
"331","Gemcitabine","m.5664.19.1887","mRECIST","PR"
"332","Gemcitabine","m.5664.19.1887","best.average.response","-53.8076"
"333","Gemcitabine","m.5664.19.1887","slope","-81.1241"
"334","Gemcitabine","m.5664.19.1887","AUC","49.1024"
"335","Gemcitabine","m.5664.19.1887","survival","18.0000"
"336","Paclitaxel","m.5663.26.1887","mRECIST","PD"
"337","Paclitaxel","m.5663.26.1887","best.average.response","57.3077"
"338","Paclitaxel","m.5663.26.1887","slope","86.6600"
"339","Paclitaxel","m.5663.26.1887","AUC","346.0453"
"340","Paclitaxel","m.5663.26.1887","survival","29.0000"
"341","Control","m.4787.5.1905","mRECIST","PD"
"342","Control","m.4787.5.1905","best.average.response","20.3750"
"343","Control","m.4787.5.1905","slope","81.4468"
"344","Control","m.4787.5.1905","AUC","245.3048"
"345","Control","m.4787.5.1905","survival","49.0000"
"346","Cisplatin","m.4785.12.1905","mRECIST","CR"
"347","Cisplatin","m.4785.12.1905","best.average.response","-58.0417"
"348","Cisplatin","m.4785.12.1905","slope","-54.8515"
"349","Cisplatin","m.4785.12.1905","AUC","18.1410"
"350","Cisplatin","m.4785.12.1905","survival","45.0000"
"351","Gemcitabine","m.5314.19.1905","mRECIST","SD"
"352","Gemcitabine","m.5314.19.1905","best.average.response","24.6521"
"353","Gemcitabine","m.5314.19.1905","slope","82.7606"
"354","Gemcitabine","m.5314.19.1905","AUC","333.0685"
"355","Gemcitabine","m.5314.19.1905","survival","52.0000"
"356","Paclitaxel","m.5318.26.1905","mRECIST","CR"
"357","Paclitaxel","m.5318.26.1905","best.average.response","-50.9658"
"358","Paclitaxel","m.5318.26.1905","slope","-67.6039"
"359","Paclitaxel","m.5318.26.1905","AUC","63.4255"
"360","Paclitaxel","m.5318.26.1905","survival","159.0000"
"361","Control","m.5143.5.1915","mRECIST","PD"
"362","Control","m.5143.5.1915","best.average.response","132.8275"
"363","Control","m.5143.5.1915","slope","88.8718"
"364","Control","m.5143.5.1915","AUC","564.5112"
"365","Control","m.5143.5.1915","survival","14.0000"
"366","Cisplatin","m.5142.12.1915","mRECIST","PD"
"367","Cisplatin","m.5142.12.1915","best.average.response","88.2885"
"368","Cisplatin","m.5142.12.1915","slope","88.9823"
"369","Cisplatin","m.5142.12.1915","AUC","1244.5825"
"370","Cisplatin","m.5142.12.1915","survival","36.0000"
"371","Gemcitabine","m.5145.19.1915","mRECIST","SD"
"372","Gemcitabine","m.5145.19.1915","best.average.response","-15.6148"
"373","Gemcitabine","m.5145.19.1915","slope","28.5561"
"374","Gemcitabine","m.5145.19.1915","AUC","94.6189"
"375","Gemcitabine","m.5145.19.1915","survival","56.0000"
"376","Paclitaxel","m.4934.26.1915","mRECIST","PR"
"377","Paclitaxel","m.4934.26.1915","best.average.response","-40.9521"
"378","Paclitaxel","m.4934.26.1915","slope","-73.5440"
"379","Paclitaxel","m.4934.26.1915","AUC","125.1821"
"380","Paclitaxel","m.4934.26.1915","survival","52.0000"
"381","Doxorubicin","m.5469.33.1915","mRECIST",NA
"382","Doxorubicin","m.5469.33.1915","best.average.response","NA"
"383","Doxorubicin","m.5469.33.1915","slope","88.7595"
"384","Doxorubicin","m.5469.33.1915","AUC","547.3977"
"385","Doxorubicin","m.5469.33.1915","survival","11.0000"
"386","Control","m.5192.5.1924","mRECIST","PD"
"387","Control","m.5192.5.1924","best.average.response","168.0972"
"388","Control","m.5192.5.1924","slope","88.2977"
"389","Control","m.5192.5.1924","AUC","544.8631"
"390","Control","m.5192.5.1924","survival","29.0000"
"391","Cisplatin","m.5187.12.1924","mRECIST","PD"
"392","Cisplatin","m.5187.12.1924","best.average.response","36.4174"
"393","Cisplatin","m.5187.12.1924","slope","88.3623"
"394","Cisplatin","m.5187.12.1924","AUC","832.7197"
"395","Cisplatin","m.5187.12.1924","survival","34.0000"
"396","Gemcitabine","m.5191.19.1924","mRECIST","CR"
"397","Gemcitabine","m.5191.19.1924","best.average.response","-86.6975"
"398","Gemcitabine","m.5191.19.1924","slope","-70.4407"
"399","Gemcitabine","m.5191.19.1924","AUC","10.1031"
"400","Gemcitabine","m.5191.19.1924","survival","57.0000"
"401","Paclitaxel","m.5188.26.1924","mRECIST","PR"
"402","Paclitaxel","m.5188.26.1924","best.average.response","-27.0414"
"403","Paclitaxel","m.5188.26.1924","slope","-55.1240"
"404","Paclitaxel","m.5188.26.1924","AUC","88.2998"
"405","Paclitaxel","m.5188.26.1924","survival","54.0000"
"406","Doxorubicin","m.5189.33.1924","mRECIST","PD"
"407","Doxorubicin","m.5189.33.1924","best.average.response","123.7848"
"408","Doxorubicin","m.5189.33.1924","slope","88.0331"
"409","Doxorubicin","m.5189.33.1924","AUC","517.4537"
"410","Doxorubicin","m.5189.33.1924","survival","27.0000"
"411","Control","m.5078.5.1939","mRECIST","PD"
"412","Control","m.5078.5.1939","best.average.response","391.3580"
"413","Control","m.5078.5.1939","slope","88.8255"
"414","Control","m.5078.5.1939","AUC","368.1029"
"415","Control","m.5078.5.1939","survival","17.0000"
"416","Cisplatin","m.5194.12.1939","mRECIST","CR"
"417","Cisplatin","m.5194.12.1939","best.average.response","-78.1319"
"418","Cisplatin","m.5194.12.1939","slope","-71.2305"
"419","Cisplatin","m.5194.12.1939","AUC","27.4187"
"420","Cisplatin","m.5194.12.1939","survival","40.0000"
"421","Gemcitabine","m.5077.19.1939","mRECIST","PD"
"422","Gemcitabine","m.5077.19.1939","best.average.response","52.3162"
"423","Gemcitabine","m.5077.19.1939","slope","88.0037"
"424","Gemcitabine","m.5077.19.1939","AUC","549.7490"
"425","Gemcitabine","m.5077.19.1939","survival","32.0000"
"426","Paclitaxel","m.5428.26.1939","mRECIST","SD"
"427","Paclitaxel","m.5428.26.1939","best.average.response","19.3439"
"428","Paclitaxel","m.5428.26.1939","slope","82.1101"
"429","Paclitaxel","m.5428.26.1939","AUC","365.3549"
"430","Paclitaxel","m.5428.26.1939","survival","59.0000"
"431","Doxorubicin","m.5431.33.1939","mRECIST","PD"
"432","Doxorubicin","m.5431.33.1939","best.average.response","30.9323"
"433","Doxorubicin","m.5431.33.1939","slope","71.9188"
"434","Doxorubicin","m.5431.33.1939","AUC","198.5659"
"435","Doxorubicin","m.5431.33.1939","survival","55.0000"
"436","Control","m.5414.5.1944","mRECIST","PD"
"437","Control","m.5414.5.1944","best.average.response","32.4363"
"438","Control","m.5414.5.1944","slope","79.0221"
"439","Control","m.5414.5.1944","AUC","174.4442"
"440","Control","m.5414.5.1944","survival","28.0000"
"441","Cisplatin","m.5419.12.1944","mRECIST","SD"
"442","Cisplatin","m.5419.12.1944","best.average.response","2.4441"
"443","Cisplatin","m.5419.12.1944","slope","3.6540"
"444","Cisplatin","m.5419.12.1944","AUC","102.4586"
"445","Cisplatin","m.5419.12.1944","survival","37.0000"
"446","Gemcitabine","m.5417.19.1944","mRECIST","SD"
"447","Gemcitabine","m.5417.19.1944","best.average.response","-1.4444"
"448","Gemcitabine","m.5417.19.1944","slope","4.0321"
"449","Gemcitabine","m.5417.19.1944","AUC","91.0423"
"450","Gemcitabine","m.5417.19.1944","survival","31.0000"
"451","Paclitaxel","m.5416.26.1944","mRECIST","PR"
"452","Paclitaxel","m.5416.26.1944","best.average.response","-37.6435"
"453","Paclitaxel","m.5416.26.1944","slope","-47.7345"
"454","Paclitaxel","m.5416.26.1944","AUC","54.9922"
"455","Paclitaxel","m.5416.26.1944","survival","52.0000"
"456","Doxorubicin","m.5418.33.1944","mRECIST","SD"
"457","Doxorubicin","m.5418.33.1944","best.average.response","10.5440"
"458","Doxorubicin","m.5418.33.1944","slope","50.8183"
"459","Doxorubicin","m.5418.33.1944","AUC","130.0982"
"460","Doxorubicin","m.5418.33.1944","survival","28.0000"
"461","Control","m.5266.5.1945","mRECIST","PD"
"462","Control","m.5266.5.1945","best.average.response","44.2866"
"463","Control","m.5266.5.1945","slope","88.1856"
"464","Control","m.5266.5.1945","AUC","437.6395"
"465","Control","m.5266.5.1945","survival","28.0000"
"466","Cisplatin","m.4792.12.1945","mRECIST","CR"
"467","Cisplatin","m.4792.12.1945","best.average.response","-53.2127"
"468","Cisplatin","m.4792.12.1945","slope","-68.0642"
"469","Cisplatin","m.4792.12.1945","AUC","36.2999"
"470","Cisplatin","m.4792.12.1945","survival","52.0000"
"471","Gemcitabine","m.5264.19.1945","mRECIST","PR"
"472","Gemcitabine","m.5264.19.1945","best.average.response","-55.2745"
"473","Gemcitabine","m.5264.19.1945","slope","-52.9373"
"474","Gemcitabine","m.5264.19.1945","AUC","108.9869"
"475","Gemcitabine","m.5264.19.1945","survival","55.0000"
"476","Paclitaxel","m.5262.26.1945","mRECIST","CR"
"477","Paclitaxel","m.5262.26.1945","best.average.response","-84.2493"
"478","Paclitaxel","m.5262.26.1945","slope","-78.4948"
"479","Paclitaxel","m.5262.26.1945","AUC","21.9834"
"480","Paclitaxel","m.5262.26.1945","survival","49.0000"
"481","Doxorubicin","m.5265.33.1945","mRECIST","SD"
"482","Doxorubicin","m.5265.33.1945","best.average.response","5.3027"
"483","Doxorubicin","m.5265.33.1945","slope","86.2732"
"484","Doxorubicin","m.5265.33.1945","AUC","308.6381"
"485","Doxorubicin","m.5265.33.1945","survival","31.0000"
"486","Control","m.5426.5.1963","mRECIST","PD"
"487","Control","m.5426.5.1963","best.average.response","54.7088"
"488","Control","m.5426.5.1963","slope","87.4334"
"489","Control","m.5426.5.1963","AUC","414.5893"
"490","Control","m.5426.5.1963","survival","28.0000"
"491","Cisplatin","m.5422.12.1963","mRECIST","CR"
"492","Cisplatin","m.5422.12.1963","best.average.response","-81.8540"
"493","Cisplatin","m.5422.12.1963","slope","-74.7694"
"494","Cisplatin","m.5422.12.1963","AUC","24.0288"
"495","Cisplatin","m.5422.12.1963","survival","52.0000"
"496","Gemcitabine","m.5427.19.1963","mRECIST","SD"
"497","Gemcitabine","m.5427.19.1963","best.average.response","-12.5868"
"498","Gemcitabine","m.5427.19.1963","slope","84.6272"
"499","Gemcitabine","m.5427.19.1963","AUC","199.9748"
"500","Gemcitabine","m.5427.19.1963","survival","31.0000"
"501","Paclitaxel","m.5423.26.1963","mRECIST","CR"
"502","Paclitaxel","m.5423.26.1963","best.average.response","-84.9227"
"503","Paclitaxel","m.5423.26.1963","slope","-74.6593"
"504","Paclitaxel","m.5423.26.1963","AUC","15.0883"
"505","Paclitaxel","m.5423.26.1963","survival","52.0000"
"506","Doxorubicin","m.5425.33.1963","mRECIST","SD"
"507","Doxorubicin","m.5425.33.1963","best.average.response","3.0782"
"508","Doxorubicin","m.5425.33.1963","slope","63.7638"
"509","Doxorubicin","m.5425.33.1963","AUC","169.2010"
"510","Doxorubicin","m.5425.33.1963","survival","30.0000"
"511","Control","m.5371.5.1971","mRECIST","PD"
"512","Control","m.5371.5.1971","best.average.response","104.7754"
"513","Control","m.5371.5.1971","slope","89.0210"
"514","Control","m.5371.5.1971","AUC","985.4062"
"515","Control","m.5371.5.1971","survival","28.0000"
"516","Cisplatin","m.5098.12.1971","mRECIST","SD"
"517","Cisplatin","m.5098.12.1971","best.average.response","-18.5622"
"518","Cisplatin","m.5098.12.1971","slope","87.1844"
"519","Cisplatin","m.5098.12.1971","AUC","605.9611"
"520","Cisplatin","m.5098.12.1971","survival","49.0000"
"521","Gemcitabine","m.5100.19.1971","mRECIST","SD"
"522","Gemcitabine","m.5100.19.1971","best.average.response","6.7551"
"523","Gemcitabine","m.5100.19.1971","slope","61.1505"
"524","Gemcitabine","m.5100.19.1971","AUC","146.6260"
"525","Gemcitabine","m.5100.19.1971","survival","74.0000"
"526","Paclitaxel","m.4960.26.1971","mRECIST","PD"
"527","Paclitaxel","m.4960.26.1971","best.average.response","20.1067"
"528","Paclitaxel","m.4960.26.1971","slope","83.9914"
"529","Paclitaxel","m.4960.26.1971","AUC","260.3287"
"530","Paclitaxel","m.4960.26.1971","survival","29.0000"
"531","Doxorubicin","m.4961.33.1971","mRECIST","CR"
"532","Doxorubicin","m.4961.33.1971","best.average.response","-83.9997"
"533","Doxorubicin","m.4961.33.1971","slope","-78.3480"
"534","Doxorubicin","m.4961.33.1971","AUC","10.7500"
"535","Doxorubicin","m.4961.33.1971","survival","28.0000"
"536","Control","m.5120.5.1979","mRECIST","PD"
"537","Control","m.5120.5.1979","best.average.response","63.8848"
"538","Control","m.5120.5.1979","slope","87.2148"
"539","Control","m.5120.5.1979","AUC","552.2982"
"540","Control","m.5120.5.1979","survival","35.0000"
"541","Cisplatin","m.5118.12.1979","mRECIST","SD"
"542","Cisplatin","m.5118.12.1979","best.average.response","12.5937"
"543","Cisplatin","m.5118.12.1979","slope","75.6110"
"544","Cisplatin","m.5118.12.1979","AUC","159.8542"
"545","Cisplatin","m.5118.12.1979","survival","21.0000"
"546","Paclitaxel","m.5119.26.1979","mRECIST","SD"
"547","Paclitaxel","m.5119.26.1979","best.average.response","-6.9739"
"548","Paclitaxel","m.5119.26.1979","slope","-28.0923"
"549","Paclitaxel","m.5119.26.1979","AUC","88.6785"
"550","Paclitaxel","m.5119.26.1979","survival","52.0000"
"551","Doxorubicin","m.5122.33.1979","mRECIST","SD"
"552","Doxorubicin","m.5122.33.1979","best.average.response","-6.0938"
"553","Doxorubicin","m.5122.33.1979","slope","45.5538"
"554","Doxorubicin","m.5122.33.1979","AUC","90.9602"
"555","Doxorubicin","m.5122.33.1979","survival","22.0000"
"556","Control","m.5169.5.1986","mRECIST","PD"
"557","Control","m.5169.5.1986","best.average.response","25.1748"
"558","Control","m.5169.5.1986","slope","86.6624"
"559","Control","m.5169.5.1986","AUC","438.2240"
"560","Control","m.5169.5.1986","survival","42.0000"
"561","Cisplatin","m.4789.12.1986","mRECIST","PD"
"562","Cisplatin","m.4789.12.1986","best.average.response","97.7915"
"563","Cisplatin","m.4789.12.1986","slope","88.5482"
"564","Cisplatin","m.4789.12.1986","AUC","971.0987"
"565","Cisplatin","m.4789.12.1986","survival","38.0000"
"566","Gemcitabine","m.5170.19.1986","mRECIST","PD"
"567","Gemcitabine","m.5170.19.1986","best.average.response","7.5421"
"568","Gemcitabine","m.5170.19.1986","slope","86.2570"
"569","Gemcitabine","m.5170.19.1986","AUC","501.8341"
"570","Gemcitabine","m.5170.19.1986","survival","42.0000"
"571","Paclitaxel","m.5167.26.1986","mRECIST","SD"
"572","Paclitaxel","m.5167.26.1986","best.average.response","-6.3368"
"573","Paclitaxel","m.5167.26.1986","slope","74.1345"
"574","Paclitaxel","m.5167.26.1986","AUC","188.5837"
"575","Paclitaxel","m.5167.26.1986","survival","133.0000"
"576","Doxorubicin","m.4922.33.1986","mRECIST","PD"
"577","Doxorubicin","m.4922.33.1986","best.average.response","61.0409"
"578","Doxorubicin","m.4922.33.1986","slope","86.7816"
"579","Doxorubicin","m.4922.33.1986","AUC","359.0949"
"580","Doxorubicin","m.4922.33.1986","survival","28.0000"
"581","Control","m.5112.5.1991","mRECIST","PD"
"582","Control","m.5112.5.1991","best.average.response","170.0413"
"583","Control","m.5112.5.1991","slope","89.1636"
"584","Control","m.5112.5.1991","AUC","694.6830"
"585","Control","m.5112.5.1991","survival","21.0000"
"586","Cisplatin","m.5111.12.1991","mRECIST","PD"
"587","Cisplatin","m.5111.12.1991","best.average.response","124.5831"
"588","Cisplatin","m.5111.12.1991","slope","88.6792"
"589","Cisplatin","m.5111.12.1991","AUC","899.5699"
"590","Cisplatin","m.5111.12.1991","survival","38.0000"
"591","Gemcitabine","m.5115.19.1991","mRECIST","CR"
"592","Gemcitabine","m.5115.19.1991","best.average.response","-82.9862"
"593","Gemcitabine","m.5115.19.1991","slope","-74.6806"
"594","Gemcitabine","m.5115.19.1991","AUC","16.3583"
"595","Gemcitabine","m.5115.19.1991","survival","45.0000"
"596","Paclitaxel","m.5357.26.1991","mRECIST","PR"
"597","Paclitaxel","m.5357.26.1991","best.average.response","-61.6818"
"598","Paclitaxel","m.5357.26.1991","slope","85.3995"
"599","Paclitaxel","m.5357.26.1991","AUC","561.4333"
"600","Paclitaxel","m.5357.26.1991","survival","70.0000"
"601","Doxorubicin","m.4937.33.1991","mRECIST","PD"
"602","Doxorubicin","m.4937.33.1991","best.average.response","160.6505"
"603","Doxorubicin","m.4937.33.1991","slope","88.8034"
"604","Doxorubicin","m.4937.33.1991","AUC","722.5237"
"605","Doxorubicin","m.4937.33.1991","survival","25.0000"
"606","Control","m.4598.5.2001","mRECIST","PD"
"607","Control","m.4598.5.2001","best.average.response","68.3728"
"608","Control","m.4598.5.2001","slope","87.8660"
"609","Control","m.4598.5.2001","AUC","541.9527"
"610","Control","m.4598.5.2001","survival","35.0000"
"611","Cisplatin","m.5261.12.2001","mRECIST","SD"
"612","Cisplatin","m.5261.12.2001","best.average.response","8.5708"
"613","Cisplatin","m.5261.12.2001","slope","84.0612"
"614","Cisplatin","m.5261.12.2001","AUC","474.4181"
"615","Cisplatin","m.5261.12.2001","survival","45.0000"
"616","Gemcitabine","m.4896.19.2001","mRECIST","CR"
"617","Gemcitabine","m.4896.19.2001","best.average.response","-73.9443"
"618","Gemcitabine","m.4896.19.2001","slope","-68.6488"
"619","Gemcitabine","m.4896.19.2001","AUC","26.2755"
"620","Gemcitabine","m.4896.19.2001","survival","222.0000"
"621","Paclitaxel","m.5484.26.2001","mRECIST","CR"
"622","Paclitaxel","m.5484.26.2001","best.average.response","-67.1812"
"623","Paclitaxel","m.5484.26.2001","slope","-74.1611"
"624","Paclitaxel","m.5484.26.2001","AUC","48.7322"
"625","Paclitaxel","m.5484.26.2001","survival","119.0000"
"626","Doxorubicin","m.5482.33.2001","mRECIST","SD"
"627","Doxorubicin","m.5482.33.2001","best.average.response","18.9349"
"628","Doxorubicin","m.5482.33.2001","slope","79.8700"
"629","Doxorubicin","m.5482.33.2001","AUC","158.6138"
"630","Doxorubicin","m.5482.33.2001","survival","28.0000"
"631","Control","m.5086.5.2006","mRECIST","PD"
"632","Control","m.5086.5.2006","best.average.response","27.8549"
"633","Control","m.5086.5.2006","slope","85.1094"
"634","Control","m.5086.5.2006","AUC","346.3125"
"635","Control","m.5086.5.2006","survival","66.0000"
"636","Cisplatin","m.5084.12.2006","mRECIST","CR"
"637","Cisplatin","m.5084.12.2006","best.average.response","-56.5259"
"638","Cisplatin","m.5084.12.2006","slope","-70.8674"
"639","Cisplatin","m.5084.12.2006","AUC","53.5519"
"640","Cisplatin","m.5084.12.2006","survival","150.0000"
"641","Gemcitabine","m.5125.19.2006","mRECIST","CR"
"642","Gemcitabine","m.5125.19.2006","best.average.response","-84.4097"
"643","Gemcitabine","m.5125.19.2006","slope","-64.6251"
"644","Gemcitabine","m.5125.19.2006","AUC","10.2669"
"645","Gemcitabine","m.5125.19.2006","survival","218.0000"
"646","Paclitaxel","m.5126.26.2006","mRECIST","CR"
"647","Paclitaxel","m.5126.26.2006","best.average.response","-85.6095"
"648","Paclitaxel","m.5126.26.2006","slope","-77.7444"
"649","Paclitaxel","m.5126.26.2006","AUC","21.2282"
"650","Paclitaxel","m.5126.26.2006","survival","180.0000"
"651","Doxorubicin","m.5123.33.2006","mRECIST","SD"
"652","Doxorubicin","m.5123.33.2006","best.average.response","-10.7339"
"653","Doxorubicin","m.5123.33.2006","slope","69.3397"
"654","Doxorubicin","m.5123.33.2006","AUC","228.0927"
"655","Doxorubicin","m.5123.33.2006","survival","74.0000"
"656","Gemcitabine","m.4757.19.2007","mRECIST","PR"
"657","Gemcitabine","m.4757.19.2007","best.average.response","-41.2387"
"658","Gemcitabine","m.4757.19.2007","slope","-51.3034"
"659","Gemcitabine","m.4757.19.2007","AUC","60.9399"
"660","Gemcitabine","m.4757.19.2007","survival","74.0000"
"661","Paclitaxel","m.4755.26.2007","mRECIST","SD"
"662","Paclitaxel","m.4755.26.2007","best.average.response","-8.1815"
"663","Paclitaxel","m.4755.26.2007","slope","9.6563"
"664","Paclitaxel","m.4755.26.2007","AUC","195.0646"
"665","Paclitaxel","m.4755.26.2007","survival","98.0000"
"666","Control","m.4752.5.2029","mRECIST","PD"
"667","Control","m.4752.5.2029","best.average.response","43.2226"
"668","Control","m.4752.5.2029","slope","87.4541"
"669","Control","m.4752.5.2029","AUC","405.4494"
"670","Control","m.4752.5.2029","survival","29.0000"
"671","Cisplatin","m.4754.12.2029","mRECIST","PD"
"672","Cisplatin","m.4754.12.2029","best.average.response","49.1035"
"673","Cisplatin","m.4754.12.2029","slope","87.0289"
"674","Cisplatin","m.4754.12.2029","AUC","334.3393"
"675","Cisplatin","m.4754.12.2029","survival","28.0000"
"676","Gemcitabine","m.5093.19.2029","mRECIST","PD"
"677","Gemcitabine","m.5093.19.2029","best.average.response","53.9941"
"678","Gemcitabine","m.5093.19.2029","slope","87.1458"
"679","Gemcitabine","m.5093.19.2029","AUC","415.3379"
"680","Gemcitabine","m.5093.19.2029","survival","32.0000"
"681","Paclitaxel","m.5360.26.2029","mRECIST","PR"
"682","Paclitaxel","m.5360.26.2029","best.average.response","-73.1302"
"683","Paclitaxel","m.5360.26.2029","slope","-82.6603"
"684","Paclitaxel","m.5360.26.2029","AUC","45.2832"
"685","Paclitaxel","m.5360.26.2029","survival","32.0000"
"686","Doxorubicin","m.5359.33.2029","mRECIST","PD"
"687","Doxorubicin","m.5359.33.2029","best.average.response","55.7129"
"688","Doxorubicin","m.5359.33.2029","slope","88.4440"
"689","Doxorubicin","m.5359.33.2029","AUC","745.0166"
"690","Doxorubicin","m.5359.33.2029","survival","32.0000"
"691","Control","m.5594.5.2047","mRECIST","PD"
"692","Control","m.5594.5.2047","best.average.response","30.8102"
"693","Control","m.5594.5.2047","slope","77.6002"
"694","Control","m.5594.5.2047","AUC","218.9656"
"695","Control","m.5594.5.2047","survival","70.0000"
"696","Cisplatin","m.5593.12.2047","mRECIST","CR"
"697","Cisplatin","m.5593.12.2047","best.average.response","-58.7880"
"698","Cisplatin","m.5593.12.2047","slope","-79.6639"
"699","Cisplatin","m.5593.12.2047","AUC","61.0995"
"700","Cisplatin","m.5593.12.2047","survival","27.0000"
"701","Gemcitabine","m.5592.19.2047","mRECIST","CR"
"702","Gemcitabine","m.5592.19.2047","best.average.response","-76.5488"
"703","Gemcitabine","m.5592.19.2047","slope","-66.7559"
"704","Gemcitabine","m.5592.19.2047","AUC","19.9803"
"705","Gemcitabine","m.5592.19.2047","survival","90.0000"
"706","Paclitaxel","m.5591.26.2047","mRECIST","PR"
"707","Paclitaxel","m.5591.26.2047","best.average.response","-33.0492"
"708","Paclitaxel","m.5591.26.2047","slope","-25.1728"
"709","Paclitaxel","m.5591.26.2047","AUC","81.2836"
"710","Paclitaxel","m.5591.26.2047","survival","40.0000"
"711","Doxorubicin","m.5590.33.2047","mRECIST","SD"
"712","Doxorubicin","m.5590.33.2047","best.average.response","-11.4506"
"713","Doxorubicin","m.5590.33.2047","slope","-0.6263"
"714","Doxorubicin","m.5590.33.2047","AUC","79.4161"
"715","Doxorubicin","m.5590.33.2047","survival","35.0000"
"716","Control","m.5652.5.2054","mRECIST","SD"
"717","Control","m.5652.5.2054","best.average.response","2.7778"
"718","Control","m.5652.5.2054","slope","53.5044"
"719","Control","m.5652.5.2054","AUC","102.5011"
"720","Control","m.5652.5.2054","survival","69.0000"
"721","Cisplatin","m.5653.12.2054","mRECIST","PR"
"722","Cisplatin","m.5653.12.2054","best.average.response","-27.9333"
"723","Cisplatin","m.5653.12.2054","slope","-43.2390"
"724","Cisplatin","m.5653.12.2054","AUC","44.0544"
"725","Cisplatin","m.5653.12.2054","survival","31.0000"
"726","Gemcitabine","m.5654.19.2054","mRECIST","SD"
"727","Gemcitabine","m.5654.19.2054","best.average.response","-15.6612"
"728","Gemcitabine","m.5654.19.2054","slope","2.0509"
"729","Gemcitabine","m.5654.19.2054","AUC","59.3924"
"730","Gemcitabine","m.5654.19.2054","survival","45.0000"
"731","Paclitaxel","m.5655.26.2054","mRECIST","SD"
"732","Paclitaxel","m.5655.26.2054","best.average.response","0.9935"
"733","Paclitaxel","m.5655.26.2054","slope","-42.0940"
"734","Paclitaxel","m.5655.26.2054","AUC","51.3157"
"735","Paclitaxel","m.5655.26.2054","survival","69.0000"
"736","Doxorubicin","m.5651.33.2054","mRECIST","PR"
"737","Doxorubicin","m.5651.33.2054","best.average.response","-29.2067"
"738","Doxorubicin","m.5651.33.2054","slope","-53.1659"
"739","Doxorubicin","m.5651.33.2054","AUC","58.7491"
"740","Doxorubicin","m.5651.33.2054","survival","34.0000"
"741","Control","m.unknown5555.5.2061","mRECIST","PD"
"742","Control","m.unknown5555.5.2061","best.average.response","22.1154"
"743","Control","m.unknown5555.5.2061","slope","85.9285"
"744","Control","m.unknown5555.5.2061","AUC","290.8259"
"745","Control","m.unknown5555.5.2061","survival","28.0000"
"746","Cisplatin","m.5519.12.2061","mRECIST","CR"
"747","Cisplatin","m.5519.12.2061","best.average.response","-85.9933"
"748","Cisplatin","m.5519.12.2061","slope","-71.7623"
"749","Cisplatin","m.5519.12.2061","AUC","15.1096"
"750","Cisplatin","m.5519.12.2061","survival","92.0000"
"751","Gemcitabine","m.5654.19.2061","mRECIST","PD"
"752","Gemcitabine","m.5654.19.2061","best.average.response","46.6698"
"753","Gemcitabine","m.5654.19.2061","slope","85.5334"
"754","Gemcitabine","m.5654.19.2061","AUC","397.2145"
"755","Gemcitabine","m.5654.19.2061","survival","52.0000"
"756","Paclitaxel","m.5522.26.2061","mRECIST","CR"
"757","Paclitaxel","m.5522.26.2061","best.average.response","-82.2811"
"758","Paclitaxel","m.5522.26.2061","slope","-66.8786"
"759","Paclitaxel","m.5522.26.2061","AUC","15.6674"
"760","Paclitaxel","m.5522.26.2061","survival","85.0000"
"761","Doxorubicin","m.5517.33.2061","mRECIST","PD"
"762","Doxorubicin","m.5517.33.2061","best.average.response","36.6609"
"763","Doxorubicin","m.5517.33.2061","slope","74.2580"
"764","Doxorubicin","m.5517.33.2061","AUC","173.4732"
"765","Doxorubicin","m.5517.33.2061","survival","28.0000"
"766","Control","m.4955.5.2076","mRECIST",NA
"767","Control","m.4955.5.2076","best.average.response","NA"
"768","Control","m.4955.5.2076","slope","89.1776"
"769","Control","m.4955.5.2076","AUC","713.7188"
"770","Control","m.4955.5.2076","survival","13.0000"
"771","Cisplatin","m.4952.12.2076","mRECIST","PD"
"772","Cisplatin","m.4952.12.2076","best.average.response","92.3756"
"773","Cisplatin","m.4952.12.2076","slope","88.3534"
"774","Cisplatin","m.4952.12.2076","AUC","530.0938"
"775","Cisplatin","m.4952.12.2076","survival","28.0000"
"776","Gemcitabine","m.4951.19.2076","mRECIST","CR"
"777","Gemcitabine","m.4951.19.2076","best.average.response","-85.9877"
"778","Gemcitabine","m.4951.19.2076","slope","-81.7127"
"779","Gemcitabine","m.4951.19.2076","AUC","38.8681"
"780","Gemcitabine","m.4951.19.2076","survival","50.0000"
"781","Paclitaxel","m.4953.26.2076","mRECIST","SD"
"782","Paclitaxel","m.4953.26.2076","best.average.response","1.6667"
"783","Paclitaxel","m.4953.26.2076","slope","76.1431"
"784","Paclitaxel","m.4953.26.2076","AUC","314.5692"
"785","Paclitaxel","m.4953.26.2076","survival","28.0000"
"786","Doxorubicin","m.4954.33.2076","mRECIST","PD"
"787","Doxorubicin","m.4954.33.2076","best.average.response","478.5069"
"788","Doxorubicin","m.4954.33.2076","slope","89.1989"
"789","Doxorubicin","m.4954.33.2076","AUC","1106.6574"
"790","Doxorubicin","m.4954.33.2076","survival","28.0000"
"791","Control","m.7191.5.2097","mRECIST","PD"
"792","Control","m.7191.5.2097","best.average.response","341.5533"
"793","Control","m.7191.5.2097","slope","89.3336"
"794","Control","m.7191.5.2097","AUC","688.0037"
"795","Control","m.7191.5.2097","survival","17.0000"
"796","Cisplatin","m.7190.12.2097","mRECIST","PD"
"797","Cisplatin","m.7190.12.2097","best.average.response","79.0278"
"798","Cisplatin","m.7190.12.2097","slope","86.0851"
"799","Cisplatin","m.7190.12.2097","AUC","244.3397"
"800","Cisplatin","m.7190.12.2097","survival","23.0000"
"801","Gemcitabine","m.7194.19.2097","mRECIST","PD"
"802","Gemcitabine","m.7194.19.2097","best.average.response","61.9970"
"803","Gemcitabine","m.7194.19.2097","slope","88.4800"
"804","Gemcitabine","m.7194.19.2097","AUC","368.0595"
"805","Gemcitabine","m.7194.19.2097","survival","21.0000"
"806","Paclitaxel","m.7192.26.2097","mRECIST","PD"
"807","Paclitaxel","m.7192.26.2097","best.average.response","224.1535"
"808","Paclitaxel","m.7192.26.2097","slope","88.9306"
"809","Paclitaxel","m.7192.26.2097","AUC","557.5901"
"810","Paclitaxel","m.7192.26.2097","survival","17.0000"
"811","Doxorubicin","m.7193.33.2097","mRECIST","PD"
"812","Doxorubicin","m.7193.33.2097","best.average.response","33.0995"
"813","Doxorubicin","m.7193.33.2097","slope","88.3070"
"814","Doxorubicin","m.7193.33.2097","AUC","423.6363"
"815","Doxorubicin","m.7193.33.2097","survival","25.0000"
